"-87","-87","-87","-87","-87","-87","-87","-88","-87","-87","-88","-87","-87","-87","-87","-87","-87","-88","-87","-87","-87","-88","-88","-86","-87","-87","-87","-87","-86","-87","-87","-87","-88","-87","-88","-87","-87","-112","-114","-117"
"-96","-108","-108","-101","-109","-101","-92","-91","-105","-104","-98","-86","-106","-77","-99","-100","-97","-98","-97","-100","-99","-96","-104","-100","-91","-97","-106","-104","-100","-101","-102","-99","-100","-100","-99","-100","-99","-99","-99","-99"
"-101","-99","-99","-98","-99","-99","-98","-99","-98","-99","-99","-99","-100","-103","-101","-101","-99","-102","-101","-85","-104","-101","-100","-100","-100","-99","-98","-96","-96","-102","-102","-99","-99","-100","-99","-99","-100","-98","-99","-100"
"-99","-98","-99","-99","-103","-99","-99","-97","-98","-98","-97","-96","-98","-97","-104","-103","-100","-99","-100","-101","-100","-100","-100","-99","-99","-99","-99","-98","-105","-107","-103","-107","-100","-144","-136","-130","-136","-129","-131","-131"
"-131","-131","-131","-130","-133","-131","-132","-131","-132","-130","-131","-131","-130","-132","-129","-130","-132","-129","-134","-129","-127","-132","-129","-134","-120","-129","-137","-127","-125","-128","-121","-126","-127","-128","-127","-125","-130","-129","-130","-131"
"-131","-125","-129","-128","-128","-128","-129","-128","-128","-128","-129","-128","-129","-129","-128","-128","-129","-128","-129","-128","-129","-128","-129","-129","-129","-126","-127","-127","-127","-127","-126","-128","-127","-128","-128","-127","-128","-128","-129","-128"
"-127","-130","-129","-128","-129","-128","-128","-128","-125","-129","-130","-131","-128","-127","-128","-126","-125","-125","-125","-125","-125","-125","-126","-127","-128","-128","-126","-127","-131","-130","-129","-126","-125","-130","-119","-125","-126","-128","-127","-128"
"-128","-128","-128","-127","-128","-125","-131","-127","-135","-130","-131","-130","-134","-130","-129","-126","-126","-131","-127","-128","-133","-131","-125","-127","-129","-129","-127","-127","-128","-127","-129","-129","-131","-127","-127","-129","-127","-129","-129","-128"
"-128","-129","-128","-128","-127","-128","-128","-128","-128","-127","-127","-129","-128","-128","-127","-128","-128","-129","-128","-128","-128","-128","-129","-128","-128","-128","-128","-128","-129","-128","-128","-128","-129","-128","-128","-128","-129","-127","-128","-128"
"-126","-134","-130","-130","-132","-135","-126","-130","-133","-130","-128","-129","-130","-128","-129","-131","-129","-130","-129","-130","-131","-130","-130","-130","-130","-130","-129","-133","-130","-131","-129","-130","-127","-130","-129","-128","-128","-128","-128","-129"
"-129","-130","-129","-129","-132","-130","-130","-128","-129","-129","-128","-126","-138","-125","-130","-130","-129","-131","-127","-131","-130","-131","-130","-129","-131","-130","-130","-130","-129","-130","-130","-131","-130","-130","-130","-128","-129","-128","-129","-130"
"-129","-131","-130","-134","-124","-134","-137","-132","-132","-132","-132","-131","-129","-128","-128","-128","-128","-127","-127","-126","-129","-127","-128","-136","-128","-127","-126","-127","-129","-126","-126","-126","-127","-126","-128","-126","-128","-128","-127","-129"
"-127","-128","-124","-128","-127","-130","-129","-129","-129","-129","-129","-129","-129","-129","-129","-129","-128","-129","-129","-129","-129","-128","-129","-129","-130","-129","-129","-130","-130","-129","-129","-129","-129","-128","-128","-128","-129","-128","-128","-129"
"-128","-129","-129","-128","-129","-129","-128","-127","-129","-129","-129","-128","-126","-127","-127","-127","-127","-128","-128","-128","-128","-128","-129","-127","-130","-128","-128","-128","-128","-128","-129","-126","-137","-134","-130","-131","-130","-129","-128","-128"
"-130","-129","-129","-128","-129","-129","-129","-129","-129","-129","-129","-130","-130","-129","-129","-130","-130","-129","-130","-130","-129","-129","-130","-129","-130","-130","-130","-131","-129","-130","-129","-130","-130","-130","-130","-129","-130","-129","-129","-130"
"-129","-130","-129","-129","-130","-130","-130","-129","-130","-131","-130","-129","-131","-128","-128","-126","-123","-126","-126","-127","-128","-133","-137","-130","-130","-128","-129","-131","-131","-130","-127","-128","-129","-130","-129","-130","-129","-129","-129","-131"
"-125","-133","-129","-126","-128","-133","-130","-128","-129","-129","-129","-129","-130","-128","-130","-128","-127","-130","-129","-129","-129","-128","-129","-128","-128","-128","-129","-130","-127","-128","-129","-129","-129","-129","-128","-128","-128","-129","-129","-130"
"-129","-127","-128","-129","-129","-129","-129","-128","-129","-129","-129","-130","-130","-129","-129","-129","-129","-130","-129","-129","-129","-129","-129","-129","-129","-129","-129","-128","-129","-129","-128","-128","-128","-128","-128","-128","-129","-129","-129","-128"
"-130","-129","-128","-130","-128","-129","-129","-129","-128","-129","-129","-129","-129","-133","-131","-130","-129","-129","-129","-129","-129","-129","-129","-128","-129","-129","-129","-129","-129","-129","-129","-128","-129","-129","-130","-130","-129","-129","-128","-129"
"-129","-129","-129","-129","-129","-129","-129","-129","-128","-128","-129","-129","-129","-128","-129","-129","-129","-129","-129","-128","-128","-128","-129","-129","-128","-129","-128","-129","-129","-129","-128","-128","-129","-128","-128","-128","-129","-128","-129","-129"
"-129","-129","-129","-129","-129","-128","-129","-128","-127","-129","-129","-129","-129","-129","-129","-129","-129","-128","-129","-128","-129","-129","-128","-129","-128","-128","-128","-129","-129","-129","-129","-129","-129","-129","-129","-129","-128","-129","-128","-129"
"-129","-128","-129","-128","-129","-129","-129","-128","-129","-129","-129","-129","-128","-129","-128","-129","-129","-129","-129","-129","-129","-128","-129","-129","-129","-129","-130","-130","-129","-128","-129","-129","-128","-129","-128","-128","-128","-129","-129","-129"
"-129","-128","-131","-130","-129","-129","-141","-135","-137","-135","-129","-130","-127","-128","-128","-127","-135","-136","-131","-132","-131","-131","-132","-130","-131","-133","-131","-134","-132","-131","-130","-131","-131","-130","-131","-130","-130","-130","-129","-130"
"-130","-129","-130","-130","-129","-130","-130","-130","-130","-130","-130","-130","-130","-129","-129","-129","-130","-130","-130","-130","-129","-129","-129","-129","-130","-129","-129","-129","-129","-129","-128","-129","-130","-130","-130","-129","-129","-129","-129","-129"
"-129","-129","-129","-129","-129","-129","-129","-129","-129","-129","-129","-130","-130","-130","-129","-129","-130","-129","-130","-129","-129","-129","-129","-130","-129","-128","-128","-128","-129","-129","-129","-128","-127","-134","-131","-131","-129","-132","-129","-126"
"-132","-127","-128","-122","-125","-121","-122","-125","-124","-124","-125","-125","-123","-124","-124","-124","-123","-124","-125","-123","-124","-123","-124","-124","-124","-124","-125","-124","-124","-124","-124","-123","-123","-123","-124","-124","-124","-124","-124","-123"
"-124","-124","-124","-124","-124","-124","-124","-124","-124","-124","-124","-124","-124","-124","-124","-124","-124","-121","-129","-140","-130","-129","-130","-130","-130","-130","-129","-129","-129","-129","-129","-130","-129","-129","-129","-129","-129","-129","-129","-129"
"-129","-129","-129","-131","-130","-129","-129","-129","-129","-129","-129","-128","-129","-129","-127","-129","-129","-129","-129","-130","-130","-127","-128","-127","-127","-129","-131","-130","-129","-129","-129","-129","-128","-129","-129","-130","-130","-130","-129","-129"
"-129","-129","-128","-129","-128","-129","-130","-129","-129","-128","-129","-129","-129","-129","-131","-133","-132","-129","-128","-130","-128","-130","-127","-130","-130","-128","-131","-131","-130","-129","-131","-130","-131","-131","-130","-130","-128","-129","-129","-129"
"-129","-129","-129","-130","-128","-130","-129","-129","-129","-129","-129","-129","-129","-129","-129","-130","-129","-129","-130","-129","-129","-129","-129","-130","-129","-129","-129","-129","-129","-129","-130","-129","-129","-129","-129","-129","-129","-129","-129","-129"
"-129","-129","-129","-129","-130","-129","-129","-129","-129","-129","-129","-129","-129","-129","-129","-133","-144","-137","-130","-133","-136","-125","-128","-126","-129","-129","-128","-129","-127","-127","-130","-128","-131","-129","-128","-128","-127","-127","-128","-128"
"-128","-128","-126","-129","-125","-129","-128","-128","-127","-124","-124","-126","-125","-124","-126","-125","-125","-127","-126","-125","-125","-131","-128","-128","-129","-128","-128","-128","-128","-128","-128","-128","-128","-128","-127","-128","-128","-128","-128","-129"
"-128","-128","-128","-128","-128","-129","-128","-128","-128","-129","-128","-129","-129","-128","-128","-128","-128","-128","-128","-128","-127","-128","-128","-128","-128","-128","-128","-128","-128","-128","-128","-128","-128","-128","-128","-128","-128","-128","-128","-128"
"-127","-128","-128","-128","-127","-128","-128","-128","-128","-128","-128","-128","-128","-128","-128","-128","-128","-128","-128","-128","-128","-128","-128","-128","-128","-128","-128","-128","-128","-128","-128","-128","-128","-128","-128","-128","-128","-127","-128","-127"
"-128","-128","-128","-128","-128","-128","-128","-128","-128","-128","-127","-128","-127","-128","-127","-127","-128","-128","-128","-128","-128","-128","-128","-128","-128","-128","-127","-128","-128","-128","-128","-127","-128","-128","-128","-128","-128","-125","-123","-133"
"-137","-134","-131","-132","-132","-123","-120","-126","-129","-129","-132","-130","-126","-126","-126","-125","-128","-126","-124","-123","-123","-125","-124","-123","-124","-123","-125","-125","-130","-128","-127","-133","-122","-124","-123","-123","-123","-123","-123","-123"
"-121","-124","-124","-124","-125","-125","-125","-124","-124","-123","-122","-123","-126","-127","-125","-124","-123","-124","-124","-124","-124","-124","-124","-124","-123","-123","-124","-125","-125","-124","-124","-123","-123","-123","-123","-124","-124","-126","-127","-126"
"-124","-125","-125","-125","-124","-124","-124","-125","-124","-125","-124","-125","-124","-125","-124","-125","-126","-125","-124","-125","-125","-125","-124","-125","-125","-125","-124","-125","-124","-125","-125","-126","-125","-125","-125","-126","-124","-126","-124","-125"
"-124","-124","-124","-124","-125","-124","-124","-125","-125","-125","-125","-124","-124","-124","-124","-124","-124","-124","-125","-125","-124","-124","-125","-124","-124","-123","-123","-124","-125","-124","-123","-124","-124","-125","-125","-123","-124","-124","-124","-125"
"-125","-113","-119","-125","-122","-125","-123","-122","-125","-126","-124","-123","-124","-123","-123","-119","-135","-127","-125","-121","-123","-125","-121","-123","-122","-121","-122","-122","-122","-121","-120","-121","-121","-122","-122","-121","-122","-122","-121","-122"
"-121","-122","-122","-122","-122","-121","-121","-121","-122","-122","-122","-122","-121","-121","-120","-123","-122","-123","-123","-121","-122","-121","-122","-122","-121","-121","-121","-122","-122","-120","-121","-121","-121","-122","-120","-121","-121","-121","-121","-121"
"-122","-121","-121","-121","-121","-122","-121","-123","-121","-121","-121","-120","-121","-122","-122","-122","-121","-122","-121","-122","-121","-121","-122","-121","-122","-121","-121","-122","-122","-122","-122","-122","-121","-121","-121","-121","-121","-121","-121","-122"
"-121","-122","-120","-122","-121","-121","-123","-121","-122","-121","-121","-122","-121","-122","-121","-122","-122","-121","-122","-120","-122","-122","-121","-122","-121","-122","-122","-122","-121","-122","-121","-121","-122","-122","-122","-122","-121","-121","-120","-121"
"-122","-121","-122","-122","-123","-121","-121","-122","-122","-122","-121","-122","-122","-121","-122","-122","-121","-122","-122","-123","-123","-121","-122","-122","-121","-121","-122","-121","-122","-121","-122","-122","-121","-121","-122","-121","-122","-121","-122","-121"
"-130","-120","-96","-109","-83","-97","-97","-97","-98","-99","-97","-96","-97","-98","-98","-98","-96","-97","-97","-98","-97","-94","-102","-94","-90","-101","-90","-91","-100","-101","-98","-95","-98","-98","-94","-98","-93","-97","-107","-103"
"-112","-96","-102","-104","-103","-91","-94","-102","-102","-91","-95","-103","-99","-91","-94","-92","-92","-92","-93","-91","-95","-96","-91","-97","-104","-84","-89","-74","-76","-84","-82","-88","-95","-86","-92","-92","-92","-88","-91","-92"
"-89","-92","-89","-91","-89","-90","-91","-88","-90","-91","-91","-87","-90","-90","-91","-89","-91","-94","-86","-88","-95","-87","-97","-99","-90","-95","-97","-99","-101","-109","-104","-100","-99","-103","-99","-108","-101","-103","-105","-109"
"-97","-108","-109","-103","-104","-106","-105","-104","-105","-106","-105","-105","-105","-104","-105","-105","-103","-104","-103","-103","-104","-103","-104","-103","-104","-103","-103","-104","-104","-104","-104","-104","-104","-103","-104","-103","-104","-104","-103","-103"
"-104","-104","-103","-104","-103","-103","-104","-104","-104","-103","-104","-104","-103","-103","-103","-104","-104","-105","-107","-105","-104","-103","-107","-107","-105","-108","-104","-106","-105","-109","-105","-107","-105","-109","-106","-104","-104","-105","-105","-105"
"-105","-104","-105","-104","-104","-105","-104","-105","-104","-105","-104","-104","-105","-104","-104","-104","-105","-105","-104","-105","-104","-104","-104","-105","-104","-105","-104","-105","-105","-105","-105","-104","-105","-105","-104","-105","-104","-105","-104","-105"
"-105","-105","-105","-104","-105","-104","-105","-104","-104","-104","-104","-104","-104","-104","-105","-104","-104","-104","-104","-104","-104","-105","-104","-104","-105","-104","-104","-104","-105","-104","-104","-105","-105","-105","-104","-105","-104","-104","-105","-104"
"-104","-104","-104","-105","-104","-105","-104","-105","-104","-104","-105","-105","-105","-105","-104","-104","-104","-104","-104","-104","-104","-104","-104","-104","-104","-104","-105","-104","-104","-104","-104","-104","-104","-104","-104","-104","-104","-104","-105","-104"
"-104","-104","-104","-102","-99","-103","-121","-112","-106","-102","-111","-110","-107","-106","-106","-106","-107","-107","-106","-106","-106","-106","-106","-106","-106","-106","-106","-106","-106","-106","-105","-106","-106","-106","-106","-105","-106","-105","-105","-105"
"-106","-117","-97","-112","-89","-107","-118","-128","-132","-129","-133","-129","-131","-135","-128","-127","-126","-125","-123","-130","-138","-127","-133","-132","-130","-129","-130","-130","-129","-130","-130","-128","-130","-129","-130","-131","-129","-130","-130","-130"
"-130","-130","-130","-130","-131","-130","-130","-130","-130","-131","-130","-130","-130","-130","-130","-130","-131","-130","-130","-130","-130","-130","-130","-131","-130","-131","-130","-131","-130","-130","-130","-130","-130","-130","-130","-130","-130","-129","-130","-130"
"-130","-130","-130","-131","-130","-130","-130","-131","-131","-131","-130","-130","-130","-131","-130","-130","-129","-129","-130","-129","-130","-130","-130","-130","-129","-130","-130","-130","-130","-130","-130","-131","-130","-130","-130","-130","-130","-130","-130","-130"
"-129","-128","-130","-131","-132","-133","-126","-124","-128","-138","-131","-127","-90","-129","-133","-104","-124","-108","-132","-124","-130","-132","-131","-110","-132","-125","-131","-128","-122","-130","-125","-130","-131","-129","-129","-126","-129","-131","-128","-136"
"-129","-131","-129","-138","-132","-130","-127","-130","-133","-131","-130","-139","-131","-127","-132","-129","-130","-130","-131","-131","-130","-130","-130","-130","-130","-131","-130","-129","-130","-130","-130","-130","-130","-130","-130","-130","-130","-130","-130","-130"
"-130","-130","-130","-130","-130","-130","-130","-131","-130","-129","-123","-131","-131","-131","-131","-131","-131","-131","-131","-131","-131","-132","-131","-129","-132","-130","-130","-131","-141","-131","-131","-130","-130","-130","-131","-130","-130","-130","-130","-130"
"-130","-131","-132","-133","-131","-132","-130","-131","-130","-130","-130","-130","-129","-130","-129","-129","-133","-128","-130","-129","-130","-130","-129","-130","-130","-129","-128","-129","-134","-129","-131","-130","-129","-129","-130","-129","-128","-131","-127","-129"
"-129","-129","-129","-130","-129","-129","-129","-129","-130","-129","-128","-129","-130","-130","-130","-129","-127","-128","-129","-129","-129","-129","-128","-128","-127","-128","-128","-129","-128","-129","-129","-129","-129","-129","-129","-133","-129","-129","-132","-131"
"-131","-130","-130","-130","-130","-130","-130","-130","-130","-129","-130","-133","-130","-130","-129","-129","-129","-129","-128","-129","-129","-131","-130","-130","-130","-129","-133","-128","-129","-129","-129","-129","-129","-129","-129","-133","-131","-126","-128","-130"
"-130","-131","-131","-130","-131","-130","-131","-131","-130","-131","-131","-130","-131","-131","-131","-131","-130","-130","-131","-130","-131","-130","-130","-131","-130","-130","-130","-130","-131","-130","-130","-131","-130","-132","-130","-128","-128","-130","-130","-130"
"-129","-131","-130","-130","-130","-130","-131","-131","-131","-130","-130","-130","-131","-131","-131","-131","-131","-130","-130","-130","-131","-131","-131","-129","-131","-132","-131","-129","-130","-132","-125","-117","-131","-130","-129","-128","-128","-129","-130","-129"
"-129","-128","-128","-128","-125","-124","-133","-129","-131","-137","-125","-134","-132","-132","-132","-133","-132","-133","-132","-132","-132","-132","-133","-133","-133","-133","-132","-133","-133","-132","-133","-133","-132","-133","-133","-133","-133","-133","-132","-132"
"-133","-132","-133","-131","-132","-133","-133","-132","-132","-132","-132","-132","-133","-132","-132","-132","-131","-132","-132","-132","-132","-133","-132","-133","-132","-132","-132","-132","-133","-132","-132","-132","-132","-132","-132","-132","-132","-132","-132","-133"
"-132","-132","-132","-132","-132","-132","-132","-132","-131","-133","-132","-132","-132","-133","-132","-132","-132","-132","-132","-132","-132","-132","-132","-133","-132","-133","-132","-132","-132","-132","-132","-132","-132","-132","-132","-132","-132","-131","-132","-131"
"-131","-131","-132","-133","-131","-133","-132","-131","-132","-132","-134","-133","-132","-132","-133","-132","-133","-133","-132","-133","-133","-133","-132","-132","-133","-133","-132","-132","-132","-133","-132","-132","-133","-132","-131","-133","-132","-129","-138","-135"
"-135","-136","-124","-129","-131","-132","-132","-131","-131","-130","-136","-144","-130","-133","-134","-134","-133","-133","-133","-134","-134","-134","-134","-134","-133","-133","-131","-131","-132","-133","-132","-133","-131","-134","-133","-133","-133","-133","-133","-132"
"-132","-132","-133","-133","-132","-134","-135","-133","-134","-134","-134","-133","-134","-132","-133","-133","-133","-133","-133","-133","-132","-133","-134","-133","-133","-133","-132","-132","-133","-132","-133","-132","-132","-132","-132","-133","-132","-132","-132","-132"
"-132","-132","-132","-136","-134","-134","-133","-133","-132","-131","-133","-132","-132","-132","-133","-133","-133","-132","-132","-132","-132","-133","-133","-132","-132","-131","-130","-135","-133","-132","-130","-130","-133","-133","-130","-130","-130","-129","-130","-132"
"-131","-131","-130","-131","-133","-130","-131","-135","-131","-133","-133","-133","-133","-132","-133","-132","-132","-132","-133","-132","-132","-132","-133","-133","-132","-132","-134","-132","-133","-133","-134","-133","-133","-132","-133","-133","-133","-132","-133","-132"
"-131","-131","-131","-131","-131","-132","-131","-131","-132","-131","-131","-131","-132","-131","-133","-132","-131","-130","-130","-132","-131","-132","-132","-131","-132","-132","-132","-132","-132","-131","-133","-132","-132","-132","-132","-132","-132","-133","-132","-132"
"-133","-132","-131","-133","-132","-131","-133","-133","-132","-134","-131","-130","-133","-131","-130","-130","-133","-126","-130","-130","-130","-130","-131","-129","-130","-138","-137","-130","-132","-133","-132","-133","-133","-133","-133","-132","-133","-134","-133","-133"
"-133","-133","-134","-134","-134","-131","-131","-132","-131","-133","-132","-133","-133","-133","-132","-133","-133","-133","-133","-132","-133","-132","-133","-132","-128","-132","-135","-133","-131","-132","-133","-132","-134","-132","-136","-141","-134","-134","-133","-133"
"-133","-132","-133","-133","-134","-133","-134","-133","-133","-132","-132","-132","-133","-133","-132","-133","-131","-133","-132","-133","-132","-132","-133","-133","-132","-133","-132","-132","-133","-132","-132","-132","-132","-133","-133","-135","-133","-134","-133","-132"
"-133","-132","-133","-133","-132","-133","-133","-132","-132","-133","-132","-133","-133","-132","-132","-132","-132","-132","-132","-132","-133","-132","-129","-130","-132","-132","-132","-133","-132","-132","-132","-132","-132","-132","-132","-133","-133","-133","-133","-132"
"-132","-133","-132","-131","-133","-133","-133","-132","-133","-132","-133","-133","-133","-132","-132","-133","-132","-133","-133","-132","-132","-132","-132","-134","-132","-133","-132","-130","-131","-132","-130","-131","-122","-120","-120","-122","-120","-113","-157","-128"
"-133","-133","-130","-130","-129","-130","-129","-130","-130","-131","-130","-130","-130","-130","-130","-130","-130","-130","-130","-129","-130","-130","-130","-130","-131","-130","-132","-131","-134","-130","-132","-131","-130","-130","-130","-130","-130","-130","-130","-130"
"-130","-128","-129","-130","-128","-130","-130","-127","-130","-128","-130","-128","-130","-129","-130","-129","-129","-129","-130","-129","-129","-131","-130","-131","-129","-130","-130","-130","-129","-130","-129","-130","-131","-130","-130","-130","-129","-129","-130","-130"
"-130","-130","-131","-131","-131","-131","-131","-131","-130","-130","-130","-129","-129","-130","-130","-129","-130","-129","-133","-143","-132","-138","-139","-128","-139","-134","-127","-126","-131","-127","-132","-132","-129","-129","-129","-133","-130","-129","-132","-133"
"-129","-132","-129","-133","-128","-131","-131","-131","-127","-130","-131","-130","-130","-132","-129","-130","-130","-126","-122","-133","-132","-122","-120","-131","-128","-122","-130","-130","-126","-131","-128","-129","-131","-131","-132","-130","-130","-131","-130","-132"
"-132","-132","-130","-132","-131","-131","-132","-132","-131","-132","-130","-131","-132","-127","-122","-124","-124","-131","-130","-130","-130","-131","-125","-130","-131","-130","-126","-128","-128","-130","-129","-131","-129","-130","-118","-123","-135","-133","-132","-132"
"-133","-130","-122","-146","-130","-131","-122","-120","-128","-125","-127","-126","-127","-125","-126","-121","-129","-112","-112","-77","-93","-108","-75","-122","-101","-139","-103","-103","-103","-103","-103","-103","-103","-104","-103","-104","-103","-103","-104","-104"
"-103","-102","-103","-103","-104","-102","-103","-104","-103","-104","-103","-104","-103","-106","-105","-112","-111","-109","-109","-104","-103","-105","-104","-107","-105","-96","-111","-103","-104","-104","-103","-103","-103","-103","-103","-104","-103","-104","-103","-103"
"-102","-103","-102","-101","-106","-108","-104","-102","-105","-105","-101","-104","-102","-103","-104","-105","-104","-104","-104","-104","-104","-104","-104","-104","-104","-103","-104","-103","-104","-104","-104","-103","-104","-104","-103","-103","-103","-104","-103","-104"
"-104","-104","-104","-104","-104","-104","-103","-103","-104","-105","-103","-104","-104","-104","-104","-104","-105","-104","-104","-105","-104","-104","-104","-104","-104","-103","-109","-107","-104","-106","-105","-99","-105","-104","-106","-103","-103","-97","-104","-102"
"-105","-105","-105","-104","-105","-104","-105","-104","-105","-104","-104","-105","-104","-104","-105","-105","-104","-104","-104","-104","-104","-105","-104","-104","-104","-104","-105","-106","-102","-104","-104","-100","-102","-106","-107","-107","-107","-109","-101","-106"
"-107","-105","-104","-105","-104","-104","-103","-103","-104","-104","-104","-104","-105","-104","-105","-104","-104","-104","-104","-104","-104","-104","-105","-102","-104","-105","-104","-104","-105","-104","-104","-104","-105","-105","-104","-102","-106","-105","-104","-104"
"-104","-103","-104","-104","-105","-105","-105","-103","-104","-104","-104","-104","-105","-105","-104","-104","-105","-105","-104","-105","-104","-104","-104","-105","-104","-102","-103","-104","-104","-104","-105","-105","-105","-105","-105","-105","-104","-104","-104","-104"
"-104","-104","-104","-104","-102","-102","-101","-103","-102","-101","-101","-100","-104","-103","-102","-101","-105","-104","-104","-104","-105","-105","-104","-104","-105","-109","-106","-97","-104","-100","-100","-106","-107","-105","-104","-105","-106","-103","-102","-104"
"-102","-106","-104","-102","-102","-109","-101","-107","-103","-103","-103","-104","-103","-103","-102","-103","-103","-104","-103","-103","-103","-103","-104","-103","-103","-103","-103","-103","-103","-103","-103","-103","-102","-102","-102","-104","-101","-102","-95","-106"
"-105","-105","-106","-105","-105","-108","-111","-102","-104","-106","-104","-104","-106","-104","-104","-103","-107","-101","-103","-103","-103","-103","-104","-103","-103","-103","-103","-104","-104","-104","-103","-103","-102","-102","-104","-102","-102","-103","-102","-102"
"-104","-102","-103","-103","-102","-103","-103","-103","-104","-103","-103","-103","-103","-103","-103","-102","-104","-103","-102","-103","-104","-102","-103","-103","-101","-102","-103","-103","-102","-101","-103","-103","-103","-102","-103","-103","-103","-103","-103","-102"
"-103","-103","-103","-103","-103","-103","-105","-104","-105","-102","-102","-102","-102","-103","-103","-102","-103","-103","-103","-103","-103","-103","-102","-103","-103","-103","-104","-104","-103","-103","-103","-104","-103","-102","-104","-103","-104","-102","-103","-104"
"-103","-104","-103","-103","-104","-102","-103","-103","-102","-102","-104","-104","-103","-103","-102","-105","-105","-103","-104","-102","-106","-105","-101","-99","-99","-107","-108","-107","-104","-106","-108","-107","-110","-106","-100","-100","-102","-100","-98","-104"
"-101","-102","-103","-103","-102","-102","-103","-101","-102","-103","-103","-103","-103","-101","-101","-104","-102","-102","-104","-101","-96","-101","-101","-102","-104","-102","-104","-104","-102","-104","-103","-105","-103","-104","-101","-103","-103","-104","-103","-102"
"-102","-103","-103","-102","-101","-101","-103","-103","-105","-103","-101","-101","-103","-103","-102","-101","-102","-103","-101","-104","-103","-103","-102","-102","-103","-103","-102","-102","-102","-103","-102","-101","-103","-102","-102","-102","-103","-102","-104","-103"
"-103","-102","-103","-102","-101","-103","-104","-104","-101","-102","-102","-102","-103","-100","-105","-104","-105","-100","-102","-101","-104","-103","-100","-107","-104","-103","-106","-102","-103","-104","-103","-102","-103","-103","-103","-103","-104","-105","-102","-101"
"-103","-103","-104","-101","-103","-104","-103","-102","-104","-103","-102","-102","-103","-102","-103","-103","-103","-103","-102","-104","-103","-102","-104","-103","-102","-103","-102","-103","-104","-102","-104","-103","-104","-103","-103","-103","-103","-103","-104","-103"
"-103","-103","-104","-103","-104","-103","-102","-103","-103","-104","-104","-103","-102","-104","-99","-103","-102","-102","-103","-102","-102","-102","-105","-103","-102","-103","-103","-105","-102","-104","-103","-101","-101","-103","-101","-103","-103","-103","-97","-101"
"-103","-104","-104","-104","-104","-104","-99","-104","-118","-108","-112","-109","-147","-146","-132","-136","-131","-121","-144","-119","-127","-124","-130","-129","-127","-135","-129","-129","-128","-129","-130","-129","-135","-132","-129","-128","-129","-132","-126","-129"
"-139","-118","-126","-132","-132","-131","-123","-131","-143","-130","-132","-131","-130","-132","-131","-128","-131","-131","-133","-132","-129","-130","-129","-132","-135","-130","-133","-130","-130","-130","-130","-130","-129","-131","-130","-130","-130","-130","-130","-130"
"-130","-130","-131","-131","-132","-130","-130","-130","-130","-130","-132","-127","-131","-129","-130","-131","-129","-130","-130","-130","-131","-130","-130","-132","-130","-131","-132","-133","-132","-131","-150","-145","-142","-106","-132","-127","-122","-112","-85","-123"
"-70","-83","-92","-86","-87","-89","-94","-93","-91","-97","-97","-105","-102","-102","-103","-100","-100","-101","-97","-99","-99","-98","-98","-99","-100","-101","-101","-100","-99","-99","-100","-101","-101","-100","-99","-101","-102","-101","-99","-99"
"-100","-102","-99","-100","-102","-101","-99","-100","-101","-100","-96","-93","-95","-103","-102","-100","-101","-101","-101","-100","-101","-101","-103","-101","-101","-102","-101","-102","-102","-101","-101","-102","-101","-101","-100","-101","-100","-101","-101","-101"
"-100","-101","-100","-101","-101","-100","-101","-100","-100","-100","-613","-613","-107","-107","-102","-100","-98","-99","-97","-97","-96","-97","-98","-97","-99","-97","-98","-96","-97","-96","-97","-98","-96","-96","-98","-97","-97","-97","-91","-89"
"-99","-95","-96","-95","-96","-96","-97","-97","-97","-96","-97","-97","-97","-96","-97","-97","-99","-97","-98","-96","-97","-96","-98","-98","-96","-99","-97","-97","-97","-98","-95","-99","-98","-98","-97","-97","-98","-100","-98","-99"
"-98","-97","-98","-97","-97","-97","-97","-97","-97","-97","-98","-98","-99","-97","-97","-99","-97","-97","-99","-97","-96","-95","-94","-97","-98","-96","-98","-96","-95","-96","-96","-97","-96","-98","-98","-97","-99","-99","-98","-97"
"-98","-98","-97","-98","-98","-97","-99","-98","-97","-97","-97","-97","-98","-97","-97","-98","-98","-97","-97","-98","-96","-96","-98","-97","-96","-94","-97","-96","-96","-97","-97","-95","-97","-98","-96","-97","-98","-97","-96","-98"
"-98","-96","-96","-97","-95","-97","-97","-97","-96","-97","-102","-96","-103","-98","-102","-97","-96","-99","-98","-96","-99","-93","-95","-101","-95","-98","-96","-96","-96","-91","-90","-100","-119","-101","-104","-113","-104","-101","-104","-103"
"-104","-103","-103","-121","-110","-93","-101","-99","-97","-98","-96","-100","-100","-99","-98","-99","-97","-99","-97","-98","-99","-99","-97","-98","-98","-98","-98","-98","-98","-98","-97","-98","-97","-98","-103","-99","-100","-99","-99","-101"
"-95","-98","-100","-103","-100","-98","-99","-99","-99","-99","-98","-100","-97","-98","-97","-100","-92","-96","-99","-103","-99","-105","-94","-100","-105","-117","-110","-134","-123","-140","-131","-133","-130","-130","-129","-125","-126","-126","-125","-122"
"-130","-124","-124","-126","-124","-126","-121","-131","-133","-131","-130","-131","-131","-130","-130","-131","-130","-131","-132","-131","-128","-130","-130","-129","-129","-130","-129","-129","-129","-131","-127","-128","-129","-130","-128","-129","-128","-129","-129","-128"
"-128","-129","-129","-129","-129","-129","-129","-129","-128","-129","-129","-129","-127","-127","-128","-128","-127","-128","-130","-129","-127","-129","-128","-128","-128","-128","-127","-128","-127","-128","-127","-128","-129","-129","-128","-128","-128","-128","-129","-129"
"-128","-128","-128","-127","-129","-129","-129","-124","-136","-130","-130","-127","-127","-128","-128","-127","-129","-128","-128","-131","-132","-128","-129","-129","-128","-129","-127","-130","-129","-129","-127","-130","-128","-127","-129","-127","-130","-128","-128","-127"
"-132","-127","-127","-136","-132","-127","-128","-129","-129","-129","-129","-129","-130","-129","-129","-129","-128","-128","-130","-129","-129","-130","-129","-130","-130","-131","-130","-129","-129","-129","-130","-129","-130","-130","-129","-130","-129","-130","-130","-130"
"-129","-130","-130","-129","-128","-129","-129","-128","-129","-129","-128","-130","-129","-128","-129","-129","-129","-129","-131","-131","-130","-129","-129","-129","-131","-130","-129","-129","-130","-129","-129","-129","-129","-129","-129","-129","-128","-129","-129","-130"
"-129","-129","-129","-129","-130","-128","-130","-129","-130","-129","-129","-129","-129","-129","-129","-129","-129","-130","-129","-129","-130","-129","-129","-130","-129","-129","-129","-129","-129","-130","-129","-130","-128","-128","-129","-129","-128","-129","-128","-129"
"-128","-129","-129","-129","-129","-129","-129","-128","-129","-127","-128","-128","-128","-129","-129","-129","-130","-129","-133","-124","-137","-120","-114","-88","-76","-103","-91","-90","-92","-95","-93","-107","-88","-94","-91","-94","-93","-90","-94","-92"
"-92","-92","-90","-96","-94","-100","-93","-93","-96","-94","-95","-93","-93","-94","-95","-95","-96","-96","-95","-94","-95","-96","-94","-94","-95","-94","-95","-95","-94","-95","-95","-95","-94","-95","-96","-94","-95","-95","-95","-95"
"-95","-95","-95","-97","-99","-104","-98","-101","-107","-102","-98","-105","-99","-95","-96","-95","-96","-95","-95","-96","-96","-95","-96","-94","-95","-95","-95","-96","-95","-95","-95","-95","-95","-95","-93","-98","-97","-95","-96","-94"
"-94","-95","-95","-95","-96","-99","-96","-97","-95","-95","-96","-95","-97","-96","-97","-96","-96","-95","-95","-95","-95","-95","-95","-94","-94","-96","-96","-95","-95","-95","-97","-96","-96","-94","-95","-96","-94","-95","-95","-94"
"-95","-95","-96","-95","-95","-94","-95","-96","-96","-97","-97","-95","-93","-93","-95","-96","-96","-95","-98","-96","-92","-96","-101","-107","-114","-113","-103","-93","-97","-97","-97","-96","-97","-95","-96","-96","-96","-96","-96","-95"
"-93","-93","-95","-96","-94","-95","-94","-95","-95","-95","-95","-96","-95","-95","-96","-104","-94","-97","-93","-93","-95","-95","-95","-95","-95","-97","-97","-95","-96","-97","-96","-94","-97","-97","-97","-98","-94","-95","-95","-97"
"-97","-98","-97","-97","-96","-97","-97","-96","-97","-96","-96","-96","-96","-96","-96","-97","-97","-97","-97","-97","-97","-97","-97","-96","-97","-97","-98","-98","-99","-100","-99","-99","-98","-99","-99","-99","-98","-98","-99","-99"
"-99","-98","-99","-99","-98","-98","-98","-98","-98","-99","-98","-97","-98","-98","-97","-98","-98","-97","-96","-97","-93","-96","-96","-96","-96","-97","-97","-96","-96","-96","-96","-97","-96","-96","-97","-96","-97","-96","-97","-96"
"-96","-97","-96","-96","-97","-97","-97","-96","-95","-96","-97","-96","-97","-97","-97","-96","-97","-96","-97","-97","-97","-97","-98","-98","-98","-97","-97","-97","-97","-96","-95","-96","-97","-97","-97","-96","-96","-96","-96","-96"
"-96","-96","-96","-97","-96","-97","-97","-97","-97","-96","-96","-97","-96","-96","-96","-96","-96","-96","-97","-96","-96","-96","-96","-97","-96","-96","-96","-96","-96","-96","-96","-96","-97","-96","-96","-95","-96","-96","-96","-96"
"-96","-97","-97","-96","-96","-97","-96","-96","-96","-98","-96","-97","-97","-97","-97","-97","-97","-97","-97","-97","-96","-97","-96","-96","-96","-98","-103","-99","-101","-107","-106","-99","-123","-109","-113","-100","-116","-103","-96","-96"
"-94","-95","-98","-97","-97","-97","-97","-97","-96","-96","-96","-97","-96","-96","-96","-97","-97","-96","-96","-96","-96","-97","-97","-96","-96","-96","-97","-97","-96","-97","-97","-97","-96","-96","-96","-96","-96","-96","-96","-97"
"-97","-97","-96","-96","-97","-96","-97","-96","-96","-97","-96","-97","-97","-97","-97","-97","-97","-96","-97","-97","-97","-97","-96","-97","-97","-97","-97","-96","-96","-96","-96","-96","-96","-97","-97","-96","-97","-96","-97","-97"
"-96","-96","-96","-97","-96","-96","-97","-96","-96","-96","-97","-96","-96","-97","-96","-96","-97","-96","-98","-97","-96","-96","-97","-96","-97","-96","-96","-96","-96","-97","-96","-102","-101","-111","-112","-113","-210","-131","-132","-125"
"-121","-123","-125","-117","-125","-126","-126","-125","-126","-126","-126","-126","-125","-126","-124","-126","-126","-126","-126","-126","-131","-122","-130","-127","-127","-127","-126","-126","-128","-131","-127","-127","-127","-126","-126","-126","-126","-127","-126","-126"
"-125","-125","-126","-126","-127","-126","-127","-126","-126","-126","-126","-127","-126","-126","-128","-126","-127","-126","-127","-126","-129","-125","-124","-123","-124","-123","-125","-126","-125","-124","-126","-126","-125","-124","-126","-124","-124","-125","-128","-127"
"-126","-126","-126","-127","-126","-126","-126","-126","-126","-127","-126","-126","-126","-127","-127","-126","-126","-126","-127","-126","-126","-126","-126","-126","-126","-126","-126","-126","-126","-126","-127","-126","-126","-127","-126","-126","-126","-126","-126","-124"
"-127","-127","-126","-125","-126","-126","-126","-126","-126","-125","-126","-129","-131","-127","-126","-127","-127","-128","-126","-127","-127","-124","-126","-123","-128","-125","-125","-125","-125","-131","-127","-125","-125","-126","-125","-124","-124","-125","-127","-127"
"-124","-125","-126","-126","-125","-126","-126","-126","-127","-126","-126","-126","-126","-126","-126","-127","-127","-127","-127","-125","-129","-125","-126","-126","-127","-128","-127","-127","-127","-127","-128","-120","-129","-127","-129","-128","-129","-127","-129","-128"
"-128","-130","-127","-125","-131","-127","-128","-129","-128","-127","-128","-126","-128","-129","-126","-126","-127","-126","-126","-126","-126","-126","-126","-126","-127","-126","-128","-127","-128","-128","-125","-112","-137","-75","-110","-102","-92","-87","-88","-92"
"-91","-90","-90","-90","-90","-90","-93","-90","-91","-92","-87","-105","-96","-98","-96","-95","-96","-98","-95","-99","-95","-97","-98","-97","-98","-99","-98","-98","-98","-98","-100","-100","-99","-102","-99","-92","-99","-98","-99","-98"
"-100","-98","-99","-101","-99","-98","-99","-99","-99","-99","-99","-100","-105","-104","-101","-100","-101","-101","-100","-103","-101","-95","-100","-105","-102","-101","-96","-97","-104","-103","-101","-98","-98","-100","-100","-99","-99","-98","-99","-99"
"-99","-98","-99","-99","-99","-98","-99","-99","-99","-98","-99","-99","-99","-99","-99","-99","-99","-99","-99","-98","-99","-99","-99","-99","-99","-99","-99","-99","-99","-99","-99","-100","-99","-99","-99","-100","-99","-99","-99","-99"
"-99","-99","-99","-99","-99","-99","-99","-99","-101","-102","-99","-97","-103","-100","-99","-98","-99","-99","-99","-98","-99","-100","-99","-99","-99","-99","-98","-99","-99","-99","-99","-99","-98","-97","-100","-100","-99","-100","-100","-98"
