"-164","-159","-166","-162","-162","-164","-161","-160","-165","-147","-121","-134","-134","-111","-112","-107","-117","-111","-116","-126","-158","-153","-166","-167","-171","-165","-171","-170","-173","-169","-176","-174","-170","-177","-170","-181","-166","-172","-184","-199"
"-197","-200","-203","-200","-195","-199","-200","-193","-200","-199","-192","-199","-199","-193","-200","-198","-193","-199","-197","-194","-199","-195","-195","-197","-195","-198","-194","-193","-198","-193","-193","-200","-193","-193","-201","-193","-194","-201","-196","-196"
"-201","-195","-198","-200","-197","-198","-200","-196","-199","-198","-200","-201","-195","-199","-201","-194","-201","-201","-194","-202","-200","-194","-202","-201","-193","-202","-199","-195","-202","-197","-195","-199","-196","-197","-198","-194","-196","-196","-193","-198"
"-195","-194","-199","-193","-198","-203","-192","-192","-199","-193","-192","-198","-194","-194","-199","-194","-194","-199","-192","-192","-198","-198","-192","-192","-196","-190","-196","-189","-194","-191","-198","-190","-197","-189","-198","-190","-199","-192","-199","-201"
"-193","-192","-198","-198","-191","-197","-192","-190","-196","-192","-191","-196","-194","-193","-196","-198","-192","-191","-198","-199","-193","-197","-192","-197","-192","-191","-197","-194","-192","-196","-198","-192","-191","-198","-198","-191","-195","-191","-191","-196"
"-191","-191","-197","-193","-192","-197","-199","-193","-191","-197","-194","-197","-199","-195","-197","-199","-194","-197","-195","-196","-194","-197","-195","-197","-195","-197","-195","-197","-195","-197","-200","-197","-197","-199","-195","-198","-195","-196","-195","-197"
"-199","-195","-197","-194","-197","-199","-195","-197","-199","-195","-196","-200","-195","-197","-200","-195","-198","-195","-196","-200","-196","-198","-199","-196","-199","-201","-196","-199","-201","-197","-197","-200","-195","-198","-200","-195","-197","-200","-195","-198"
"-200","-194","-199","-201","-195","-198","-201","-195","-198","-201","-196","-198","-200","-194","-199","-201","-195","-198","-199","-193","-198","-200","-195","-198","-193","-199","-193","-199","-196","-200","-204","-196","-201","-204","-197","-201","-191","-199","-206","-208"
"-210","-210","-195","-202","-203","-196","-200","-195","-191","-195","-195","-192","-193","-195","-197","-193","-193","-198","-192","-193","-198","-192","-201","-192","-200","-190","-200","-191","-197","-192","-196","-193","-193","-196","-196","-192","-193","-195","-191","-198"
"-197","-192","-201","-200","-191","-191","-201","-200","-192","-198","-191","-191","-196","-190","-193","-197","-194","-192","-196","-192","-198","-191","-199","-190","-200","-198","-189","-199","-200","-191","-198","-192","-196","-193","-194","-197","-195","-194","-199","-198"
"-206","-196","-206","-209","-195","-194","-200","-193","-191","-197","-191","-187","-195","-188","-195","-188","-194","-187","-186","-192","-188","-187","-194","-190","-196","-192","-189","-194","-196","-194","-193","-195","-195","-192","-191","-197","-190","-197","-190","-199"
"-189","-197","-190","-196","-190","-194","-195","-192","-193","-194","-194","-191","-193","-195","-195","-190","-195","-190","-197","-189","-197","-196","-189","-198","-189","-201","-193","-197","-201","-195","-199","-201","-196","-194","-203","-204","-195","-195","-203","-194"
"-201","-199","-192","-200","-198","-192","-200","-197","-193","-197","-195","-195","-196","-195","-197","-194","-191","-196","-191","-192","-197","-191","-193","-198","-191","-200","-190","-192","-197","-191","-194","-197","-193","-198","-196","-197","-196","-196","-197","-199"
"-193","-197","-191","-198","-192","-200","-199","-190","-200","-199","-192","-200","-199","-192","-199","-196","-192","-198","-194","-196","-192","-195","-194","-192","-195","-193","-197","-193","-192","-197","-192","-191","-199","-192","-201","-192","-201","-192","-200","-194"
"-195","-200","-194","-196","-198","-195","-197","-196","-195","-197","-199","-192","-198","-200","-192","-199","-199","-191","-200","-199","-191","-199","-198","-192","-198","-196","-192","-197","-193","-193","-195","-194","-193","-191","-196","-192","-197","-191","-191","-199"
"-191","-199","-191","-193","-198","-191","-194","-198","-193","-195","-196","-195","-198","-194","-196","-199","-192","-198","-199","-191","-199","-199","-190","-199","-191","-199","-197","-193","-198","-192","-195","-195","-193","-192","-196","-192","-190","-197","-190","-191"
"-199","-191","-192","-200","-192","-194","-199","-193","-196","-199","-196","-197","-197","-200","-195","-198","-200","-192","-202","-200","-191","-204","-205","-198","-206","-209","-205","-212","-210","-208","-213","-207","-208","-202","-198","-202","-198","-197","-202","-196"
"-197","-204","-196","-196","-204","-195","-195","-203","-193","-195","-199","-193","-199","-195","-197","-197","-196","-197","-193","-197","-199","-191","-199","-191","-198","-191","-198","-197","-192","-198","-192","-194","-197","-196","-195","-197","-193","-191","-200","-196"
"-192","-193","-198","-191","-198","-196","-190","-197","-198","-192","-182","-172","-174","-193","-180","-178","-179","-174","-181","-169","-159","-156","-144","-138","-136","-137","-154","-146","-142","-166","-175","-196","-188","-188","-194","-188","-194","-196","-188","-195"
"-192","-189","-195","-187","-187","-195","-190","-193","-192","-189","-191","-191","-189","-190","-190","-193","-189","-195","-190","-196","-195","-189","-196","-194","-189","-194","-193","-190","-194","-189","-191","-193","-190","-192","-190","-189","-192","-188","-188","-193"
"-188","-188","-194","-188","-188","-195","-187","-188","-195","-188","-190","-194","-189","-191","-194","-190","-192","-192","-191","-194","-190","-193","-195","-188","-195","-196","-188","-195","-195","-187","-194","-193","-187","-194","-191","-188","-192","-189","-189","-191"
"-187","-189","-189","-187","-191","-187","-187","-192","-188","-188","-194","-188","-187","-193","-188","-196","-190","-191","-195","-191","-192","-193","-191","-193","-193","-191","-193","-191","-193","-194","-189","-194","-187","-195","-195","-189","-195","-195","-188","-195"
"-190","-195","-192","-190","-193","-192","-192","-193","-196","-190","-190","-196","-189","-192","-196","-190","-195","-191","-194","-192","-193","-193","-193","-195","-191","-194","-196","-189","-196","-198","-190","-197","-197","-189","-197","-188","-197","-188","-195","-193"
"-188","-195","-191","-189","-194","-190","-189","-191","-188","-191","-189","-188","-192","-188","-187","-193","-189","-187","-194","-188","-189","-196","-189","-190","-197","-190","-191","-196","-190","-192","-195","-190","-192","-194","-191","-193","-193","-192","-192","-193"
"-195","-190","-193","-188","-195","-196","-188","-196","-195","-188","-195","-194","-187","-194","-193","-189","-194","-192","-189","-193","-191","-191","-192","-188","-191","-191","-188","-193","-189","-189","-194","-189","-189","-194","-189","-190","-196","-189","-191","-196"
"-191","-191","-195","-189","-192","-195","-192","-191","-192","-194","-201","-203","-202","-206","-197","-195","-200","-199","-195","-194","-187","-189","-193","-188","-191","-188","-191","-188","-192","-192","-189","-192","-191","-186","-185","-178","-164","-182","-177","-175"
"-172","-178","-172","-179","-184","-179","-181","-198","-184","-184","-190","-190","-184","-185","-181","-185","-186","-184","-186","-188","-184","-187","-183","-186","-187","-183","-187","-182","-184","-187","-183","-186","-189","-184","-186","-189","-184","-187","-188","-183"
"-187","-190","-184","-187","-189","-183","-189","-190","-184","-190","-190","-184","-188","-189","-189","-185","-191","-185","-187","-192","-185","-187","-191","-184","-186","-191","-185","-186","-192","-184","-185","-190","-185","-185","-191","-183","-185","-190","-183","-185"
"-190","-184","-186","-191","-182","-184","-191","-185","-185","-190","-183","-185","-191","-180","-182","-189","-184","-183","-189","-183","-188","-182","-183","-189","-183","-188","-184","-183","-187","-184","-183","-188","-184","-184","-188","-184","-183","-187","-186","-186"
"-188","-186","-189","-185","-190","-188","-186","-190","-188","-186","-190","-189","-185","-191","-189","-184","-190","-189","-183","-190","-189","-184","-190","-190","-183","-191","-190","-183","-190","-190","-183","-190","-190","-182","-190","-190","-183","-189","-191","-185"
"-189","-185","-188","-190","-187","-187","-190","-187","-187","-189","-188","-187","-188","-189","-186","-188","-189","-186","-187","-189","-187","-187","-189","-185","-187","-190","-185","-186","-190","-185","-186","-190","-184","-185","-190","-183","-185","-191","-184","-185"
"-191","-184","-185","-191","-183","-183","-188","-182","-182","-187","-181","-188","-182","-183","-188","-189","-182","-182","-187","-181","-190","-179","-186","-186","-182","-181","-184","-184","-182","-185","-185","-184","-183","-185","-187","-183","-188","-187","-182","-183"
"-188","-187","-182","-188","-182","-189","-182","-184","-189","-182","-181","-187","-182","-182","-188","-182","-182","-187","-182","-183","-188","-183","-183","-187","-184","-187","-185","-186","-186","-185","-187","-185","-187","-186","-186","-189","-187","-184","-189","-187"
"-183","-190","-188","-183","-190","-190","-183","-190","-191","-183","-183","-190","-190","-182","-184","-190","-189","-183","-190","-183","-182","-189","-182","-184","-190","-184","-184","-189","-186","-185","-190","-186","-187","-194","-188","-188","-192","-186","-188","-193"
"-185","-188","-190","-185","-188","-190","-188","-189","-188","-190","-189","-189","-192","-190","-191","-193","-189","-190","-193","-187","-191","-186","-191","-185","-192","-193","-186","-192","-192","-186","-193","-191","-186","-191","-190","-185","-191","-185","-192","-193"
"-193","-185","-193","-194","-187","-194","-192","-186","-193","-193","-187","-193","-192","-187","-192","-190","-188","-192","-190","-188","-191","-188","-190","-187","-189","-189","-186","-189","-187","-186","-190","-187","-189","-186","-191","-186","-186","-191","-186","-186"
"-191","-186","-185","-191","-186","-186","-192","-186","-187","-192","-186","-188","-192","-187","-188","-192","-188","-189","-192","-187","-190","-191","-189","-189","-190","-187","-189","-189","-187","-189","-191","-188","-189","-189","-189","-191","-188","-189","-191","-187"
"-190","-192","-186","-190","-192","-185","-191","-185","-191","-192","-185","-193","-193","-185","-192","-192","-185","-193","-185","-193","-184","-192","-192","-185","-192","-185","-193","-192","-185","-192","-191","-186","-192","-186","-192","-191","-186","-193","-191","-187"
"-192","-190","-186","-191","-189","-187","-191","-188","-190","-188","-190","-188","-190","-188","-189","-186","-189","-188","-185","-189","-186","-185","-190","-186","-186","-192","-187","-187","-192","-187","-186","-193","-187","-186","-192","-186","-188","-192","-185","-194"
"-186","-193","-185","-193","-186","-188","-193","-187","-188","-193","-192","-190","-187","-192","-188","-190","-192","-188","-189","-191","-189","-191","-192","-189","-190","-190","-189","-191","-191","-190","-192","-188","-190","-192","-187","-191","-192","-187","-192","-193"
"-186","-192","-192","-185","-192","-193","-186","-192","-192","-186","-192","-185","-187","-192","-186","-192","-193","-186","-193","-192","-186","-192","-191","-186","-192","-191","-186","-192","-190","-186","-191","-190","-188","-191","-188","-188","-190","-186","-188","-190"
"-185","-188","-189","-187","-190","-188","-186","-189","-187","-186","-190","-187","-186","-191","-187","-186","-191","-188","-186","-193","-186","-193","-186","-187","-193","-187","-187","-194","-186","-188","-194","-188","-189","-195","-188","-190","-195","-188","-190","-195"
"-189","-191","-195","-189","-191","-194","-189","-191","-194","-189","-191","-194","-190","-191","-193","-190","-192","-193","-190","-191","-193","-191","-192","-192","-190","-192","-192","-190","-193","-192","-191","-193","-190","-191","-192","-190","-191","-193","-189","-192"
"-193","-189","-192","-194","-188","-193","-194","-187","-192","-187","-193","-193","-187","-194","-193","-187","-193","-194","-187","-194","-194","-187","-194","-186","-194","-194","-186","-193","-193","-186","-194","-192","-186","-193","-192","-187","-192","-192","-187","-193"
"-191","-187","-193","-191","-187","-192","-190","-187","-190","-189","-189","-190","-187","-188","-190","-187","-190","-189","-186","-190","-189","-186","-190","-188","-186","-190","-187","-187","-191","-187","-187","-192","-187","-187","-193","-187","-187","-193","-187","-187"
"-193","-187","-187","-194","-164","-177","-196","-176","-176","-180","-176","-178","-185","-176","-177","-182","-191","-190","-197","-191","-187","-188","-190","-192","-193","-191","-191","-191","-189","-192","-192","-187","-193","-190","-188","-192","-188","-188","-191","-185"
"-190","-192","-186","-191","-191","-185","-192","-192","-184","-192","-191","-185","-193","-191","-185","-192","-186","-191","-189","-186","-190","-187","-189","-187","-187","-186","-190","-187","-188","-191","-187","-190","-191","-188","-189","-189","-188","-190","-188","-188"
"-191","-186","-188","-185","-188","-189","-183","-188","-189","-182","-190","-190","-184","-190","-190","-183","-192","-191","-184","-192","-191","-187","-191","-190","-186","-191","-188","-186","-189","-188","-187","-189","-187","-188","-184","-187","-186","-184","-188","-186"
"-185","-189","-185","-190","-185","-191","-185","-185","-191","-184","-186","-192","-185","-184","-190","-186","-193","-186","-184","-192","-193","-189","-188","-193","-186","-191","-191","-194","-189","-192","-186","-193","-192","-186","-186","-190","-185","-190","-190","-186"
"-191","-186","-187","-190","-187","-185","-190","-187","-191","-184","-189","-190","-185","-189","-185","-183","-189","-191","-184","-189","-182","-183","-190","-190","-184","-191","-184","-185","-190","-189","-186","-191","-185","-187","-190","-186","-187","-190","-187","-188"
"-189","-187","-188","-191","-184","-184","-191","-183","-192","-193","-186","-189","-192","-187","-191","-185","-191","-192","-185","-190","-184","-185","-192","-190","-185","-192","-186","-187","-191","-186","-188","-190","-188","-191","-185","-187","-192","-186","-192","-193"
"-187","-188","-194","-187","-193","-192","-188","-190","-193","-188","-189","-189","-185","-190","-188","-189","-192","-185","-186","-193","-185","-193","-192","-187","-188","-191","-186","-191","-190","-187","-192","-187","-189","-188","-184","-189","-187","-189","-189","-191"
"-187","-190","-189","-185","-189","-188","-190","-193","-185","-186","-191","-184","-192","-190","-186","-189","-191","-185","-190","-192","-186","-190","-186","-185","-192","-184","-187","-189","-185","-188","-188","-192","-193","-186","-192","-185","-189","-192","-192","-187"
"-193","-190","-184","-181","-189","-190","-189","-191","-186","-193","-199","-186","-184","-193","-193","-186","-187","-194","-192","-187","-188","-190","-187","-189","-191","-191","-188","-188","-185","-189","-190","-189","-191","-190","-190","-193","-190","-190","-192","-188"
"-191","-193","-187","-191","-193","-186","-193","-193","-186","-192","-189","-195","-190","-196","-196","-190","-194","-195","-191","-192","-190","-192","-189","-189","-192","-188","-190","-194","-186","-196","-187","-188","-196","-187","-195","-186","-194","-191","-187","-193"
"-189","-188","-191","-187","-189","-193","-191","-192","-192","-188","-190","-187","-189","-192","-189","-192","-191","-188","-189","-186","-189","-190","-189","-193","-190","-189","-187","-184","-189","-189","-191","-193","-189","-189","-188","-183","-188","-184","-184","-190"
"-183","-183","-189","-184","-183","-190","-183","-184","-191","-183","-184","-193","-184","-186","-195","-185","-186","-195","-185","-187","-192","-185","-188","-193","-186","-189","-191","-188","-190","-190","-188","-191","-189","-189","-193","-187","-191","-194","-185","-193"
"-195","-186","-193","-194","-185","-194","-193","-185","-193","-192","-185","-193","-195","-177","-189","-187","-181","-183","-183","-177","-190","-185","-178","-185","-181","-179","-184","-182","-183","-186","-180","-182","-181","-178","-181","-181","-178","-184","-181","-181"
"-187","-182","-182","-192","-182","-183","-192","-184","-184","-194","-184","-186","-195","-185","-186","-192","-186","-188","-193","-186","-189","-193","-186","-190","-192","-187","-190","-190","-188","-191","-188","-189","-192","-187","-190","-193","-186","-192","-194","-185"
"-192","-194","-184","-194","-193","-185","-194","-194","-185","-195","-193","-184","-193","-192","-184","-193","-191","-185","-192","-189","-185","-191","-187","-186","-189","-185","-187","-188","-185","-189","-187","-185","-190","-186","-184","-191","-184","-183","-191","-184"
"-184","-193","-182","-183","-193","-184","-185","-194","-184","-185","-193","-184","-188","-194","-185","-188","-192","-187","-190","-192","-188","-191","-190","-189","-191","-188","-190","-193","-187","-192","-194","-185","-193","-194","-185","-194","-194","-184","-194","-193"
"-184","-194","-192","-185","-194","-191","-185","-193","-189","-186","-192","-187","-186","-190","-186","-188","-188","-186","-189","-187","-185","-190","-186","-185","-191","-185","-185","-192","-184","-184","-194","-184","-185","-194","-185","-187","-196","-186","-187","-194"
"-187","-190","-194","-188","-191","-193","-189","-192","-190","-190","-193","-188","-192","-195","-187","-193","-195","-185","-193","-194","-184","-194","-193","-183","-193","-193","-185","-193","-189","-184","-192","-189","-185","-192","-185","-185","-190","-186","-187","-188"
"-185","-189","-185","-185","-191","-186","-185","-191","-185","-184","-193","-185","-185","-194","-185","-186","-195","-186","-187","-196","-186","-189","-194","-186","-188","-192","-186","-189","-192","-188","-191","-192","-190","-192","-190","-190","-194","-188","-191","-195"
"-187","-192","-194","-186","-194","-196","-186","-195","-192","-184","-194","-192","-184","-190","-191","-186","-182","-183","-193","-183","-193","-186","-183","-189","-187","-186","-181","-194","-183","-193","-191","-182","-193","-192","-184","-190","-193","-183","-184","-190"
"-190","-189","-184","-194","-185","-190","-189","-185","-187","-195","-195","-186","-186","-196","-184","-201","-190","-196","-191","-197","-195","-191","-200","-179","-186","-182","-183","-180","-180","-186","-186","-182","-182","-190","-180","-184","-187","-187","-185","-181"
"-189","-181","-187","-181","-185","-188","-185","-182","-184","-190","-181","-189","-189","-182","-181","-185","-187","-183","-191","-182","-190","-182","-181","-187","-189","-185","-183","-190","-189","-182","-183","-191","-181","-188","-188","-182","-182","-187","-189","-185"
"-184","-189","-182","-191","-192","-182","-181","-188","-184","-183","-185","-188","-185","-181","-190","-181","-189","-183","-181","-187","-188","-185","-183","-189","-181","-189","-181","-191","-182","-190","-183","-187","-184","-186","-188","-182","-183","-189","-188","-182"
"-184","-191","-181","-192","-191","-180","-186","-189","-184","-182","-185","-187","-183","-184","-182","-179","-178","-184","-180","-179","-186","-181","-180","-187","-182","-181","-187","-184","-180","-189","-188","-184","-195","-183","-195","-186","-193","-184","-187","-189"
"-191","-190","-184","-193","-184","-185","-188","-191","-190","-183","-193","-184","-193","-185","-188","-190","-189","-186","-185","-193","-183","-185","-194","-193","-184","-187","-189","-186","-192","-182","-194","-192","-183","-191","-193","-184","-184","-186","-191","-181"
"-182","-191","-192","-184","-184","-192","-187","-183","-183","-191","-182","-184","-187","-186","-185","-181","-186","-178","-184","-185","-180","-189","-190","-181","-180","-186","-188","-182","-182","-190","-189","-182","-186","-189","-187","-183","-183","-191","-182","-188"
"-188","-187","-186","-184","-190","-182","-190","-185","-183","-187","-190","-192","-183","-192","-183","-192","-184","-188","-186","-187","-188","-191","-183","-185","-192","-182","-192","-183","-189","-185","-187","-189","-185","-191","-183","-193","-183","-192","-185","-189"
"-187","-187","-191","-184","-186","-193","-184","-193","-184","-192","-184","-188","-185","-186","-190","-183","-191","-183","-192","-194","-183","-184","-191","-186","-188","-191","-185","-192","-183","-192","-183","-191","-184","-189","-188","-185","-191","-185","-193","-182"
"-193","-184","-191","-185","-190","-189","-188","-193","-186","-194","-184","-184","-193","-194","-183","-184","-192","-185","-188","-190","-186","-189","-192","-185","-186","-193","-184","-194","-183","-192","-184","-190","-186","-184","-188","-190","-186","-191","-185","-194"
"-193","-183","-183","-194","-193","-184","-190","-185","-188","-189","-185","-191","-184","-193","-183","-194","-193","-185","-192","-186","-190","-190","-187","-189","-193","-185","-187","-193","-184","-193","-183","-191","-185","-189","-187","-187","-191","-183","-193","-182"
"-193","-185","-192","-184","-190","-188","-187","-190","-192","-185","-187","-193","-183","-184","-194","-193","-184","-184","-191","-187","-189","-191","-188","-188","-189","-191","-184","-187","-192","-184","-193","-183","-192","-184","-184","-189","-186","-187","-188","-186"
"-185","-190","-183","-193","-192","-183","-192","-192","-184","-192","-193","-185","-189","-191","-189","-188","-190","-192","-186","-187","-193","-184","-193","-183","-191","-183","-188","-186","-185","-190","-182","-192","-182","-193","-192","-183","-193","-193","-184","-191"
"-186","-189","-191","-189","-187","-189","-192","-184","-184","-193","-194","-183","-190","-186","-184","-189","-188","-186","-190","-185","-192","-184","-195","-187","-191","-196","-189","-190","-198","-197","-187","-193","-191","-189","-196","-194","-186","-187","-196","-194"
"-185","-191","-186","-190","-189","-187","-193","-185","-195","-196","-184","-182","-190","-188","-189","-191","-187","-189","-193","-183","-195","-186","-193","-185","-183","-192","-187","-186","-193","-193","-186","-188","-197","-187","-197","-189","-190","-184","-194","-191"
"-186","-193","-195","-187","-188","-195","-190","-188","-197","-193","-186","-193","-196","-188","-189","-197","-189","-185","-193","-189","-183","-191","-189","-183","-183","-189","-184","-180","-190","-189","-182","-190","-182","-191","-190","-183","-191","-183","-190","-188"
"-185","-189","-186","-189","-188","-190","-187","-192","-186","-196","-197","-190","-194","-208","-204","-195","-206","-198","-194","-209","-207","-197","-199","-208","-193","-200","-193","-186","-191","-192","-187","-183","-192","-194","-186","-189","-190","-186","-187","-191"
"-183","-181","-187","-187","-186","-184","-192","-191","-181","-184","-192","-186","-185","-188","-194","-192","-184","-190","-182","-183","-188","-190","-191","-185","-195","-195","-185","-184","-190","-187","-186","-188","-188","-185","-188","-192","-182","-184","-191","-190"
"-184","-183","-192","-183","-193","-193","-184","-193","-193","-184","-192","-192","-183","-193","-194","-185","-194","-195","-185","-192","-185","-192","-185","-190","-185","-189","-190","-186","-183","-189","-192","-187","-189","-193","-190","-184","-185","-193","-184","-189"
"-190","-188","-186","-184","-193","-183","-183","-189","-192","-188","-185","-192","-191","-183","-184","-192","-183","-189","-190","-185","-185","-185","-193","-184","-193","-184","-183","-191","-193","-186","-186","-192","-190","-183","-184","-193","-182","-191","-185","-187"
"-187","-190","-190","-182","-192","-185","-184","-188","-189","-192","-184","-193","-193","-184","-184","-189","-190","-185","-186","-192","-190","-183","-192","-184","-184","-189","-189","-188","-184","-192","-193","-183","-183","-189","-189","-184","-187","-192","-191","-185"
"-192","-184","-184","-191","-192","-188","-187","-193","-192","-186","-186","-194","-184","-189","-190","-191","-189","-184","-194","-186","-186","-189","-190","-191","-184","-194","-194","-185","-184","-190","-189","-185","-187","-193","-192","-184","-193","-185","-186","-191"
"-191","-192","-186","-194","-193","-184","-186","-194","-185","-195","-185","-192","-193","-185","-184","-189","-190","-184","-184","-193","-192","-183","-188","-189","-188","-183","-184","-192","-183","-188","-187","-187","-189","-190","-184","-185","-194","-190","-183","-184"
"-194","-184","-195","-194","-185","-193","-194","-186","-194","-195","-185","-196","-196","-187","-194","-189","-189","-190","-192","-190","-184","-192","-185","-187","-190","-191","-180","-182","-189","-183","-184","-186","-189","-186","-181","-190","-183","-187","-188","-188"
"-184","-184","-193","-181","-189","-190","-185","-183","-184","-192","-181","-191","-181","-182","-176","-180","-181","-181","-184","-187","-180","-180","-184","-181","-179","-181","-188","-185","-179","-181","-187","-179","-186","-188","-192","-186","-194","-184","-194","-192"
"-185","-185","-184","-193","-181","-192","-186","-184","-188","-189","-192","-184","-193","-184","-189","-190","-189","-188","-185","-193","-183","-189","-188","-186","-185","-187","-193","-183","-188","-189","-187","-183","-185","-197","-183","-193","-187","-185","-188","-188"
"-192","-191","-185","-194","-184","-188","-190","-185","-193","-182","-191","-189","-186","-193","-184","-183","-193","-193","-185","-187","-191","-183","-194","-185","-188","-189","-191","-187","-184","-194","-184","-189","-190","-189","-186","-187","-194","-184","-190","-191"
"-189","-187","-185","-194","-183","-190","-189","-186","-185","-186","-193","-183","-191","-186","-185","-186","-193","-192","-183","-191","-186","-186","-192","-183","-193","-185","-189","-192","-184","-184","-194","-193","-184","-188","-192","-191","-184","-184","-193","-184"
"-187","-188","-190","-187","-183","-194","-184","-188","-188","-185","-194","-193","-184","-183","-191","-188","-185","-193","-183","-183","-192","-193","-187","-185","-193","-183","-193","-186","-188","-193","-183","-184","-194","-193","-184","-187","-189","-184","-194","-195"
"-183","-182","-191","-192","-183","-188","-186","-185","-186","-188","-187","-190","-197","-194","-185","-184","-194","-188","-190","-191","-195","-193","-185","-196","-187","-185","-191","-192","-192","-185","-195","-184","-194","-185","-193","-186","-190","-194","-189","-188"
"-190","-190","-187","-189","-192","-186","-188","-191","-186","-188","-191","-185","-186","-192","-181","-182","-193","-193","-182","-182","-191","-185","-189","-192","-188","-187","-190","-191","-182","-184","-194","-194","-184","-182","-192","-187","-194","-189","-192","-194"
"-190","-191","-194","-188","-192","-196","-188","-194","-194","-186","-192","-187","-184","-191","-186","-185","-192","-186","-185","-191","-184","-185","-192","-184","-184","-193","-183","-184","-192","-182","-182","-190","-182","-184","-192","-183","-185","-192","-183","-183"
"-191","-181","-182","-190","-182","-184","-191","-182","-184","-190","-181","-184","-191","-181","-183","-191","-182","-185","-190","-183","-185","-189","-185","-188","-191","-185","-187","-189","-189","-192","-190","-189","-191","-186","-189","-191","-186","-189","-192","-185"
"-190","-192","-184","-192","-192","-183","-192","-193","-184","-193","-192","-183","-192","-192","-183","-186","-190","-185","-192","-185","-186","-193","-185","-186","-191","-185","-186","-190","-191","-190","-183","-192","-181","-182","-192","-181","-183","-193","-183","-184"
"-192","-183","-186","-194","-184","-187","-193","-186","-187","-192","-185","-188","-192","-185","-189","-192","-186","-190","-190","-187","-190","-188","-189","-192","-187","-189","-192","-185","-191","-193","-185","-192","-193","-184","-192","-192","-183","-193","-192","-183"
"-192","-183","-191","-184","-191","-192","-185","-188","-191","-191","-185","-185","-192","-192","-184","-191","-184","-189","-185","-187","-190","-186","-186","-192","-186","-192","-185","-192","-190","-184","-191","-191","-185","-193","-183","-191","-192","-187","-185","-188"
"-194","-192","-192","-184","-192","-185","-185","-193","-185","-185","-193","-185","-185","-192","-185","-186","-192","-185","-186","-192","-185","-185","-193","-185","-185","-192","-184","-185","-192","-185","-186","-192","-184","-187","-185","-192","-186","-187","-192","-187"
"-188","-191","-188","-191","-186","-192","-189","-185","-191","-189","-186","-192","-192","-192","-184","-192","-184","-191","-185","-189","-186","-191","-187","-185","-189","-187","-188","-190","-187","-190","-188","-192","-184","-192","-191","-185","-192","-191","-185","-192"
"-186","-188","-195","-184","-185","-193","-195","-184","-183","-188","-190","-182","-182","-193","-193","-183","-187","-187","-183","-192","-182","-191","-184","-187","-188","-193","-190","-187","-191","-186","-184","-191","-194","-187","-189","-184","-182","-189","-185","-184"
"-192","-183","-183","-193","-184","-184","-194","-184","-186","-196","-183","-186","-195","-184","-188","-196","-186","-188","-193","-187","-191","-193","-188","-192","-192","-188","-193","-191","-190","-195","-191","-188","-193","-196","-192","-194","-196","-190","-193","-196"
"-190","-198","-188","-195","-188","-187","-194","-189","-191","-198","-188","-196","-187","-188","-190","-193","-190","-186","-196","-185","-184","-191","-193","-192","-185","-193","-184","-192","-188","-186","-187","-193","-192","-183","-193","-187","-186","-189","-190","-194"
"-184","-194","-186","-190","-191","-191","-189","-184","-196","-185","-185","-191","-192","-191","-185","-195","-184","-194","-188","-186","-188","-194","-194","-185","-196","-189","-187","-188","-190","-195","-185","-195","-187","-189","-190","-193","-192","-184","-195","-187"
"-187","-190","-193","-192","-186","-196","-186","-195","-189","-190","-193","-184","-184","-197","-197","-188","-191","-193","-185","-198","-188","-192","-195","-189","-188","-189","-192","-195","-186","-195","-184","-195","-185","-192","-187","-188","-194","-185","-186","-195"
"-194","-185","-185","-195","-183","-192","-195","-189","-188","-189","-193","-185","-185","-195","-195","-185","-189","-192","-189","-184","-185","-194","-184","-194","-196","-187","-192","-194","-191","-186","-187","-195","-193","-185","-186","-197","-186","-200","-192","-184"
"-192","-189","-187","-191","-196","-193","-184","-193","-186","-187","-193","-186","-194","-185","-196","-185","-194","-196","-188","-187","-191","-195","-191","-192","-193","-187","-191","-192","-190","-193","-192","-190","-192","-191","-187","-194","-184","-183","-192","-195"
"-188","-186","-193","-194","-186","-188","-195","-188","-191","-192","-194","-192","-187","-197","-188","-187","-196","-195","-188","-191","-195","-188","-192","-195","-194","-188","-199","-198","-185","-186","-196","-196","-186","-194","-187","-186","-195","-186","-193","-192"
"-192","-192","-194","-195","-187","-194","-187","-197","-197","-186","-186","-196","-189","-192","-193","-195","-193","-188","-198","-187","-196","-191","-189","-190","-191","-196","-185","-194","-195","-188","-186","-189","-196","-183","-191","-188","-189","-193","-193","-183"
"-181","-191","-187","-190","-192","-185","-185","-195","-194","-184","-190","-194","-190","-185","-185","-194","-185","-190","-192","-191","-189","-185","-195","-186","-190","-191","-188","-185","-186","-194","-185","-189","-191","-189","-188","-185","-194","-184","-191","-190"
"-188","-185","-187","-195","-185","-192","-189","-187","-195","-184","-183","-194","-194","-186","-186","-189","-194","-185","-195","-186","-185","-190","-191","-193","-185","-195","-184","-190","-193","-190","-190","-186","-197","-188","-187","-196","-183","-191","-193","-188"
"-191","-189","-199","-199","-191","-191","-200","-197","-195","-195","-198","-193","-203","-198","-193","-197","-196","-193","-193","-191","-197","-201","-190","-198","-189","-188","-195","-195","-186","-196","-186","-192","-191","-186","-193","-195","-186","-197","-187","-189"
"-196","-186","-196","-189","-194","-189","-194","-189","-194","-191","-194","-194","-192","-191","-191","-195","-197","-186","-196","-186","-196","-187","-196","-187","-198","-187","-195","-189","-190","-195","-190","-193","-190","-192","-191","-190","-193","-191","-191","-193"
"-194","-190","-186","-191","-192","-192","-196","-190","-192","-196","-186","-194","-195","-186","-195","-196","-186","-195","-193","-186","-197","-199","-191","-206","-204","-197","-201","-198","-195","-196","-194","-193","-195","-192","-195","-199","-196","-197","-194","-195"
"-198","-191","-194","-195","-186","-190","-195","-188","-198","-200","-190","-204","-206","-201","-209","-204","-196","-204","-204","-186","-190","-191","-184","-190","-187","-182","-185","-187","-185","-188","-184","-183","-187","-183","-186","-185","-184","-188","-186","-185"
"-190","-186","-185","-192","-185","-188","-195","-182","-189","-197","-186","-187","-196","-186","-187","-196","-187","-189","-196","-187","-189","-194","-187","-190","-193","-190","-191","-192","-190","-192","-192","-191","-193","-189","-192","-194","-189","-193","-195","-187"
"-193","-195","-186","-195","-194","-185","-195","-194","-185","-195","-193","-184","-196","-193","-185","-194","-191","-186","-193","-189","-187","-192","-187","-188","-190","-187","-190","-188","-185","-190","-187","-186","-191","-186","-185","-192","-186","-186","-194","-185"
"-186","-195","-185","-186","-196","-186","-188","-195","-187","-190","-196","-188","-191","-195","-189","-191","-194","-190","-193","-193","-192","-195","-191","-192","-196","-190","-192","-188","-187","-193","-189","-187","-195","-187","-187","-196","-187","-187","-197","-187"
"-188","-198","-187","-189","-198","-189","-191","-197","-189","-192","-197","-191","-195","-197","-193","-196","-195","-194","-197","-193","-195","-199","-191","-196","-199","-190","-199","-200","-190","-199","-199","-189","-199","-198","-188","-198","-197","-188","-197","-196"
"-190","-197","-194","-190","-198","-193","-191","-196","-192","-193","-195","-192","-196","-193","-192","-198","-193","-191","-196","-193","-191","-200","-192","-192","-201","-192","-192","-202","-191","-192","-202","-192","-192","-203","-192","-194","-203","-192","-194","-202"
"-193","-196","-202","-192","-197","-201","-194","-198","-201","-196","-198","-200","-196","-198","-199","-198","-200","-198","-197","-201","-197","-199","-202","-196","-199","-202","-194","-200","-202","-193","-202","-203","-193","-201","-202","-192","-202","-202","-191","-202"
"-201","-191","-202","-201","-191","-202","-200","-191","-201","-198","-191","-200","-196","-192","-199","-194","-192","-197","-193","-193","-198","-195","-199","-201","-193","-199","-196","-196","-198","-195","-198","-195","-193","-197","-193","-192","-199","-194","-192","-200"
"-193","-192","-201","-193","-192","-202","-192","-193","-203","-191","-193","-201","-191","-193","-201","-191","-195","-201","-193","-196","-200","-195","-202","-190","-204","-192","-192","-200","-201","-196","-188","-199","-189","-196","-198","-191","-192","-192","-199","-189"
"-187","-197","-200","-192","-190","-199","-187","-196","-200","-191","-192","-194","-199","-189","-188","-198","-199","-191","-193","-197","-189","-198","-190","-192","-196","-196","-194","-191","-200","-190","-194","-194","-189","-199","-198","-189","-187","-195","-193","-191"
"-198","-188","-188","-197","-197","-190","-191","-196","-187","-197","-198","-189","-188","-192","-197","-188","-199","-191","-189","-193","-194","-196","-188","-198","-189","-194","-195","-197","-194","-189","-199","-190","-194","-194","-191","-200","-200","-188","-189","-197"
"-195","-192","-199","-189","-189","-198","-198","-190","-191","-194","-200","-189","-199","-192","-190","-193","-195","-198","-188","-200","-191","-194","-195","-198","-196","-190","-200","-191","-195","-195","-190","-200","-200","-190","-189","-196","-195","-190","-199","-189"
"-189","-197","-199","-194","-191","-198","-188","-199","-191","-192","-198","-189","-189","-199","-199","-192","-193","-199","-198","-189","-189","-198","-191","-192","-197","-188","-188","-199","-200","-191","-193","-197","-190","-200","-190","-195","-196","-188","-189","-199"
"-199","-189","-195","-196","-194","-189","-191","-200","-189","-195","-194","-190","-189","-198","-198","-188","-195","-193","-190","-199","-200","-188","-189","-198","-192","-191","-198","-188","-197","-190","-192","-196","-188","-197","-188","-194","-192","-188","-190","-199"
"-199","-188","-196","-194","-191","-191","-191","-198","-188","-197","-191","-191","-196","-188","-188","-199","-198","-189","-191","-198","-190","-201","-198","-189","-184","-194","-197","-188","-192","-188","-188","-197","-196","-200","-199","-190","-201","-201","-192","-198"
"-194","-191","-200","-190","-190","-200","-190","-191","-201","-191","-191","-201","-190","-191","-200","-190","-193","-200","-192","-195","-200","-194","-197","-199","-195","-197","-197","-193","-195","-191","-194","-193","-191","-195","-192","-190","-196","-191","-190","-197"
"-190","-190","-199","-190","-190","-200","-190","-190","-201","-189","-191","-201","-190","-193","-202","-191","-193","-199","-191","-197","-201","-195","-198","-201","-193","-199","-193","-195","-200","-194","-194","-194","-194","-201","-186","-201","-199","-197","-198","-197"
"-194","-197","-192","-199","-203","-191","-194","-201","-191","-201","-200","-196","-199","-193","-190","-198","-193","-200","-201","-191","-195","-194","-191","-198","-198","-189","-201","-189","-193","-199","-192","-198","-201","-192","-197","-191","-191","-202","-200","-189"
"-202","-190","-193","-200","-193","-192","-198","-193","-198","-191","-188","-196","-189","-196","-200","-188","-191","-199","-188","-198","-193","-193","-198","-193","-195","-193","-190","-198","-199","-189","-198","-189","-189","-199","-196","-187","-201","-191","-192","-198"
"-191","-192","-196","-193","-196","-190","-189","-198","-188","-200","-200","-189","-191","-200","-190","-201","-196","-194","-199","-195","-194","-194","-191","-199","-201","-190","-200","-190","-191","-197","-195","-190","-202","-189","-197","-194","-193","-201","-197","-204"
"-206","-195","-203","-194","-195","-200","-199","-192","-199","-186","-188","-188","-187","-193","-190","-193","-198","-188","-189","-199","-186","-198","-196","-189","-191","-197","-189","-197","-191","-193","-198","-193","-192","-192","-189","-197","-199","-189","-196","-188"
"-187","-198","-194","-186","-197","-189","-192","-193","-189","-192","-192","-193","-196","-190","-188","-198","-190","-197","-200","-187","-189","-199","-188","-200","-197","-189","-193","-198","-189","-197","-193","-192","-195","-193","-191","-190","-189","-200","-198","-186"
"-194","-190","-190","-200","-198","-188","-198","-189","-190","-201","-191","-184","-201","-194","-190","-195","-189","-195","-197","-194","-193","-189","-188","-194","-186","-194","-197","-188","-188","-196","-187","-196","-197","-186","-189","-196","-187","-196","-194","-189"
"-193","-196","-192","-195","-195","-198","-201","-195","-200","-196","-195","-199","-192","-194","-195","-187","-183","-193","-193","-184","-190","-185","-185","-192","-186","-186","-194","-187","-187","-196","-186","-189","-198","-185","-187","-195","-186","-190","-197","-189"
"-190","-194","-190","-194","-197","-191","-193","-194","-192","-195","-193","-194","-197","-192","-194","-198","-190","-193","-196","-188","-196","-197","-187","-196","-195","-186","-196","-195","-186","-196","-195","-186","-197","-195","-186","-197","-195","-188","-197","-193"
"-188","-194","-190","-187","-195","-189","-189","-192","-188","-189","-190","-187","-191","-194","-192","-194","-193","-190","-195","-191","-193","-195","-189","-194","-197","-190","-195","-198","-189","-197","-198","-188","-197","-198","-188","-198","-197","-188","-198","-188"
"-191","-199","-190","-190","-200","-189","-191","-199","-190","-192","-198","-192","-194","-196","-193","-195","-194","-194","-196","-192","-193","-190","-189","-193","-190","-189","-195","-190","-188","-195","-190","-189","-197","-189","-189","-198","-188","-189","-198","-189"
"-190","-199","-188","-191","-198","-190","-193","-197","-191","-195","-197","-192","-195","-195","-194","-197","-193","-195","-198","-190","-197","-199","-190","-199","-199","-189","-199","-198","-188","-199","-197","-189","-198","-195","-189","-197","-192","-190","-195","-190"
"-191","-192","-189","-191","-190","-188","-193","-189","-187","-194","-188","-187","-196","-188","-188","-197","-188","-188","-198","-188","-189","-198","-188","-190","-198","-189","-192","-198","-191","-194","-197","-192","-194","-195","-193","-197","-194","-191","-192","-189"
"-193","-190","-188","-194","-189","-187","-195","-189","-188","-197","-189","-198","-198","-189","-197","-197","-187","-198","-197","-187","-198","-196","-188","-197","-195","-188","-197","-194","-189","-197","-193","-190","-196","-193","-192","-194","-190","-194","-193","-190"
"-195","-190","-189","-195","-190","-188","-195","-189","-188","-197","-190","-199","-199","-189","-195","-188","-188","-197","-187","-189","-200","-187","-189","-198","-189","-190","-200","-191","-193","-201","-191","-193","-200","-191","-192","-199","-193","-193","-198","-193"
"-196","-198","-194","-198","-197","-196","-199","-195","-195","-197","-191","-196","-199","-190","-195","-190","-187","-197","-190","-198","-200","-191","-197","-190","-190","-199","-191","-199","-199","-190","-199","-198","-188","-199","-198","-188","-199","-197","-188","-198"
"-195","-188","-198","-193","-189","-197","-193","-190","-195","-191","-191","-193","-190","-192","-191","-188","-192","-190","-189","-195","-189","-187","-195","-188","-187","-196","-188","-188","-198","-187","-188","-198","-188","-189","-199","-188","-200","-189","-191","-200"
"-190","-192","-200","-190","-190","-191","-196","-194","-193","-195","-196","-192","-195","-197","-190","-191","-197","-196","-195","-191","-193","-197","-192","-186","-191","-190","-208","-201","-204","-206","-189","-204","-192","-190","-195","-192","-192","-194","-186","-181"
"-170","-186","-171","-166","-162","-149","-148","-155","-161","-156","-165","-166","-163","-176","-179","-171","-187","-185","-179","-190","-191","-185","-193","-191","-190","-191","-191","-191","-194","-194","-186","-189","-184","-183","-191","-188","-193","-192","-183","-189"
"-193","-187","-191","-187","-187","-193","-187","-194","-194","-185","-190","-186","-191","-194","-186","-191","-185","-183","-190","-186","-189","-187","-190","-193","-188","-189","-190","-191","-188","-189","-193","-188","-189","-193","-185","-187","-194","-185","-185","-193"
"-183","-185","-191","-187","-185","-190","-189","-186","-187","-191","-187","-188","-190","-186","-188","-192","-189","-191","-191","-185","-187","-185","-188","-190","-189","-192","-191","-189","-189","-186","-189","-191","-190","-191","-190","-189","-188","-186","-190","-190"
"-190","-192","-189","-189","-188","-185","-189","-190","-190","-193","-188","-188","-187","-186","-191","-190","-193","-193","-187","-190","-193","-186","-190","-186","-185","-191","-185","-184","-189","-182","-182","-188","-183","-191","-183","-192","-188","-183","-187","-190"
"-189","-185","-189","-191","-185","-183","-187","-185","-185","-187","-186","-184","-190","-189","-183","-191","-183","-183","-188","-183","-183","-185","-186","-182","-189","-190","-181","-188","-183","-183","-187","-188","-183","-186","-195","-181","-190","-184","-179","-186"
"-180","-182","-187","-181","-188","-187","-184","-185","-186","-185","-185","-182","-188","-190","-182","-189","-182","-185","-186","-183","-185","-184","-184","-189","-182","-183","-188","-182","-188","-184","-185","-190","-184","-187","-183","-182","-191","-188","-184","-189"
"-180","-187","-181","-181","-187","-183","-188","-190","-184","-187","-191","-185","-190","-184","-189","-191","-183","-192","-183","-186","-190","-185","-187","-188","-188","-191","-187","-188","-186","-185","-191","-184","-194","-193","-185","-188","-191","-187","-189","-183"
"-191","-193","-184","-193","-183","-186","-192","-185","-185","-190","-188","-191","-184","-184","-192","-183","-192","-191","-185","-190","-189","-187","-188","-184","-193","-192","-184","-193","-185","-186","-190","-185","-188","-189","-188","-193","-183","-185","-191","-185"
"-186","-189","-187","-191","-183","-184","-192","-183","-191","-190","-185","-188","-185","-183","-189","-182","-191","-191","-185","-185","-187","-184","-189","-187","-192","-194","-185","-186","-190","-186","-188","-188","-188","-189","-185","-183","-191","-188","-184","-191"
"-184","-190","-186","-184","-191","-185","-194","-193","-185","-188","-189","-185","-189","-188","-189","-194","-184","-186","-191","-186","-186","-189","-188","-191","-184","-183","-193","-190","-184","-192","-186","-188","-186","-184","-193","-192","-183","-193","-184","-187"
"-189","-185","-191","-193","-184","-191","-184","-183","-193","-188","-189","-192","-186","-188","-185","-183","-194","-193","-185","-194","-184","-187","-190","-187","-192","-194","-185","-193","-185","-186","-192","-188","-189","-194","-188","-190","-186","-187","-188","-189"
"-190","-193","-186","-186","-192","-186","-194","-193","-188","-190","-187","-185","-190","-184","-189","-195","-184","-192","-194","-184","-186","-192","-193","-192","-186","-186","-194","-189","-183","-194","-188","-187","-187","-185","-193","-193","-185","-196","-187","-189"
"-189","-185","-192","-192","-185","-197","-186","-190","-195","-192","-196","-198","-193","-196","-195","-192","-200","-197","-194","-197","-198","-194","-199","-194","-196","-198","-193","-197","-193","-190","-200","-199","-190","-200","-191","-192","-200","-195","-191","-200"
"-192","-197","-197","-192","-198","-199","-197","-199","-191","-192","-198","-193","-197","-200","-192","-193","-200","-192","-198","-197","-192","-194","-197","-192","-194","-190","-193","-196","-193","-193","-194","-190","-199","-198","-191","-197","-190","-195","-190","-196"
"-195","-194","-189","-190","-194","-190","-193","-191","-187","-191","-187","-188","-194","-195","-189","-188","-193","-185","-187","-188","-189","-193","-186","-190","-191","-187","-187","-189","-187","-185","-181","-191","-186","-190","-188","-191","-196","-186","-195","-196"
"-190","-193","-194","-197","-189","-190","-195","-197","-194","-193","-196","-191","-197","-190","-193","-195","-189","-190","-195","-195","-191","-194","-196","-196","-191","-192","-195","-191","-194","-195","-191","-192","-196","-195","-190","-193","-194","-194","-191","-192"
"-196","-190","-194","-193","-192","-192","-196","-196","-190","-193","-193","-192","-191","-192","-195","-189","-195","-191","-192","-196","-188","-188","-193","-194","-188","-189","-192","-188","-193","-187","-191","-191","-189","-188","-192","-193","-188","-191","-192","-190"
"-190","-190","-193","-188","-192","-192","-190","-190","-193","-193","-189","-193","-190","-191","-195","-188","-194","-190","-195","-196","-191","-193","-190","-190","-193","-191","-189","-194","-189","-189","-194","-187","-188","-194","-187","-189","-195","-189","-189","-195"
"-189","-191","-196","-190","-191","-195","-190","-190","-194","-196","-192","-191","-194","-191","-195","-193","-190","-195","-194","-190","-195","-194","-190","-195","-189","-195","-194","-190","-195","-192","-190","-194","-190","-191","-193","-191","-192","-191","-190","-192"
"-191","-188","-192","-190","-188","-192","-191","-191","-195","-194","-189","-189","-195","-189","-195","-195","-190","-195","-195","-189","-194","-193","-187","-194","-189","-193","-193","-189","-190","-196","-195","-189","-193","-194","-192","-191","-192","-197","-190","-194"
"-192","-192","-194","-191","-192","-196","-195","-189","-194","-190","-191","-189","-188","-191","-188","-190","-187","-190","-184","-188","-186","-190","-190","-189","-194","-195","-193","-192","-193","-191","-194","-194","-191","-193","-197","-192","-197","-192","-196","-193"
"-196","-193","-192","-196","-195","-198","-193","-198","-193","-198","-192","-197","-192","-197","-191","-196","-192","-198","-198","-191","-191","-195","-192","-195","-192","-196","-180","-178","-196","-198","-191","-194","-192","-184","-194","-193","-187","-194","-193","-186"
"-192","-191","-187","-192","-191","-187","-192","-189","-187","-195","-190","-190","-198","-192","-192","-195","-200","-194","-199","-200","-195","-199","-190","-196","-197","-190","-189","-192","-193","-193","-191","-196","-197","-190","-189","-193","-195","-191","-191","-196"
"-189","-195","-193","-192","-195","-191","-196","-190","-193","-195","-191","-197","-190","-194","-192","-191","-195","-190","-191","-196","-190","-190","-195","-190","-189","-194","-190","-190","-194","-192","-190","-193","-193","-192","-193","-193","-191","-192","-195","-193"
"-192","-194","-192","-190","-195","-194","-191","-196","-194","-190","-196","-196","-190","-196","-196","-190","-196","-196","-190","-196","-197","-190","-195","-196","-190","-194","-196","-192","-192","-196","-190","-196","-190","-189","-195","-190","-190","-193","-191","-189"
"-192","-192","-190","-192","-192","-190","-193","-193","-191","-192","-194","-191","-191","-195","-193","-191","-194","-193","-191","-195","-193","-191","-194","-194","-192","-196","-191","-195","-196","-191","-191","-194","-196","-192","-197","-191","-196","-192","-190","-195"
"-191","-190","-193","-191","-191","-194","-193","-191","-195","-194","-192","-194","-193","-191","-194","-193","-192","-194","-193","-191","-194","-192","-191","-194","-192","-191","-194","-194","-194","-197","-193","-194","-192","-191","-195","-194","-196","-198","-192","-196"
"-199","-192","-196","-197","-192","-197","-198","-192","-197","-198","-192","-197","-197","-191","-196","-191","-191","-195","-190","-191","-197","-190","-191","-198","-191","-191","-197","-191","-193","-198","-192","-193","-197","-192","-193","-197","-192","-193","-195","-191"
"-193","-197","-192","-193","-196","-192","-194","-197","-192","-193","-196","-193","-194","-196","-192","-193","-195","-192","-193","-195","-191","-195","-192","-193","-196","-193","-194","-195","-193","-195","-192","-194","-196","-195","-196","-196","-193","-194","-192","-194"
"-196","-194","-195","-196","-193","-195","-193","-194","-194","-192","-193","-196","-193","-193","-194","-193","-194","-190","-193","-195","-192","-192","-194","-190","-192","-190","-189","-194","-188","-195","-190","-195","-196","-190","-193","-195","-191","-191","-192","-194"
"-192","-192","-193","-191","-190","-195","-195","-190","-191","-196","-195","-193","-192","-195","-192","-194","-190","-190","-195","-189","-193","-195","-190","-193","-191","-191","-196","-190","-191","-193","-190","-191","-188","-188","-191","-189","-190","-191","-187","-192"
"-185","-189","-190","-184","-185","-187","-189","-183","-184","-190","-191","-185","-187","-189","-186","-186","-192","-185","-193","-187","-189","-189","-190","-192","-193","-189","-192","-189","-189","-193","-191","-191","-193","-190","-195","-191","-192","-195","-190","-194"
"-190","-189","-194","-191","-191","-194","-188","-194","-191","-193","-198","-192","-192","-193","-190","-192","-191","-190","-193","-184","-187","-188","-182","-180","-185","-188","-183","-182","-184","-185","-181","-190","-191","-180","-179","-189","-191","-188","-191","-196"
"-196","-192","-192","-194","-194","-193","-188","-189","-189","-191","-193","-185","-188","-189","-187","-189","-192","-188","-189","-197","-196","-190","-192","-192","-191","-195","-193","-191","-196","-195","-191","-195","-189","-196","-197","-192","-193","-194","-190","-195"
"-189","-188","-194","-188","-194","-191","-191","-194","-192","-190","-197","-197","-190","-196","-191","-192","-193","-191","-195","-189","-195","-189","-192","-191","-190","-194","-193","-188","-195","-188","-192","-191","-189","-195","-188","-195","-188","-193","-193","-189"
"-196","-189","-194","-192","-192","-193","-195","-190","-196","-190","-194","-193","-194","-195","-193","-192","-198","-198","-190","-193","-197","-198","-191","-197","-191","-197","-193","-193","-194","-203","-194","-192","-197","-191","-194","-196","-190","-196","-195","-192"
"-194","-184","-181","-182","-179","-174","-184","-166","-165","-167","-168","-162","-168","-165","-167","-165","-162","-170","-166","-171","-167","-161","-178","-178","-174","-189","-190","-190","-193","-189","-190","-196","-191","-198","-195","-194","-196","-189","-192","-194"
"-191","-192","-193","-194","-198","-190","-193","-194","-191","-191","-193","-192","-194","-190","-190","-195","-192","-192","-194","-194","-197","-191","-191","-195","-191","-194","-195","-190","-192","-194","-191","-194","-190","-195","-195","-190","-192","-194","-191","-192"
"-190","-194","-194","-191","-193","-191","-190","-195","-190","-195","-195","-192","-194","-190","-190","-194","-191","-190","-193","-192","-194","-189","-189","-194","-190","-193","-195","-189","-194","-189","-190","-194","-190","-195","-195","-189","-192","-195","-191","-194"
"-191","-194","-195","-190","-192","-195","-191","-195","-190","-193","-195","-189","-192","-192","-189","-192","-189","-195","-196","-190","-193","-193","-190","-193","-189","-194","-194","-190","-191","-192","-190","-192","-191","-194","-196","-191","-191","-193","-191","-193"
"-193","-194","-196","-191","-191","-195","-192","-196","-196","-189","-196","-190","-192","-194","-191","-196","-195","-190","-196","-190","-192","-192","-190","-196","-194","-189","-195","-190","-192","-193","-190","-195","-195","-190","-195","-190","-191","-194","-192","-192"
"-193","-192","-194","-190","-190","-194","-190","-195","-195","-190","-191","-194","-191","-194","-190","-193","-195","-190","-195","-190","-191","-196","-193","-191","-195","-192","-193","-191","-189","-193","-190","-195","-195","-191","-192","-192","-190","-193","-189","-194"
"-190","-191","-192","-191","-191","-196","-196","-190","-196","-190","-192","-195","-192","-192","-194","-192","-193","-190","-189","-194","-190","-196","-196","-191","-194","-192","-191","-194","-192","-195","-197","-191","-191","-196","-191","-195","-194","-194","-196","-190"
"-190","-194","-192","-195","-192","-195","-196","-191","-192","-196","-190","-196","-195","-193","-195","-197","-194","-196","-191","-192","-194","-191","-193","-191","-190","-197","-196","-191","-197","-191","-193","-197","-195","-192","-197","-194","-194","-197","-193","-193"
"-196","-193","-196","-192","-192","-195","-191","-196","-197","-192","-193","-197","-192","-198","-196","-194","-195","-196","-194","-196","-193","-196","-198","-193","-197","-193","-192","-197","-196","-192","-198","-191","-194","-197","-195","-193","-196","-193","-193","-196"
"-192","-193","-196","-194","-195","-192","-191","-195","-192","-195","-197","-191","-192","-197","-191","-197","-196","-192","-192","-196","-192","-197","-196","-193","-195","-197","-193","-195","-193","-194","-196","-193","-194","-195","-192","-196","-197","-192","-196","-194"
"-191","-198","-197","-191","-197","-192","-191","-198","-196","-191","-196","-191","-192","-196","-194","-191","-196","-192","-193","-195","-192","-192","-195","-192","-194","-193","-191","-194","-193","-193","-196","-192","-191","-196","-192","-194","-196","-191","-191","-196"
"-191","-195","-196","-191","-191","-196","-191","-197","-196","-191","-197","-192","-192","-197","-191","-197","-197","-191","-196","-193","-192","-197","-197","-191","-196","-191","-192","-196","-195","-191","-196","-191","-193","-196","-194","-193","-196","-193","-195","-194"
"-192","-195","-195","-195","-197","-193","-192","-196","-193","-196","-197","-191","-192","-197","-192","-198","-198","-193","-194","-198","-194","-199","-199","-195","-196","-199","-195","-201","-193","-196","-197","-192","-196","-194","-195","-198","-195","-190","-199","-193"
"-194","-198","-193","-193","-200","-192","-195","-193","-192","-195","-194","-196","-198","-192","-192","-198","-192","-198","-200","-191","-193","-198","-191","-198","-196","-193","-196","-196","-194","-195","-193","-197","-200","-193","-198","-194","-193","-200","-198","-194"
"-199","-194","-193","-196","-190","-198","-198","-191","-200","-193","-194","-197","-193","-197","-200","-193","-198","-191","-194","-198","-194","-195","-198","-192","-197","-193","-193","-198","-194","-195","-198","-192","-197","-192","-192","-199","-197","-192","-198","-193"
"-196","-195","-192","-199","-199","-193","-199","-193","-195","-196","-193","-198","-199","-193","-193","-196","-194","-198","-191","-197","-198","-193","-195","-197","-192","-199","-195","-195","-198","-193","-196","-191","-193","-199","-199","-191","-195","-195","-192","-192"
"-188","-199","-193","-193","-195","-194","-198","-197","-188","-200","-192","-192","-198","-194","-194","-196","-191","-199","-195","-195","-197","-195","-195","-197","-192","-196","-194","-193","-199","-197","-193","-197","-195","-196","-199","-195","-197","-196","-195","-199"
"-195","-196","-197","-192","-195","-195","-196","-199","-193","-195","-200","-194","-200","-199","-195","-196","-196","-195","-196","-193","-198","-199","-193","-198","-192","-193","-198","-198","-194","-198","-193","-194","-198","-194","-194","-197","-194","-195","-193","-192"
"-196","-192","-196","-198","-192","-194","-197","-193","-196","-193","-195","-198","-193","-196","-192","-192","-197","-198","-192","-198","-193","-194","-196","-191","-192","-193","-195","-194","-192","-191","-196","-192","-197","-199","-194","-196","-193","-193","-195","-193"
"-192","-196","-194","-197","-192","-192","-197","-195","-193","-198","-193","-196","-194","-193","-196","-193","-197","-199","-194","-195","-197","-194","-196","-195","-197","-197","-196","-194","-198","-201","-198","-197","-197","-192","-194","-194","-190","-186","-187","-189"
"-192","-189","-189","-189","-189","-191","-192","-193","-195","-193","-189","-191","-187","-190","-191","-192","-195","-193","-192","-190","-188","-192","-191","-193","-193","-194","-191","-192","-195","-189","-192","-191","-191","-193","-190","-196","-186","-187","-194","-193"
"-186","-187","-194","-192","-186","-189","-186","-188","-191","-192","-189","-189","-195","-193","-191","-194","-189","-195","-190","-194","-188","-195","-194","-190","-195","-190","-191","-195","-187","-195","-189","-190","-196","-189","-193","-195","-192","-192","-193","-195"
"-193","-189","-197","-189","-195","-192","-190","-193","-193","-197","-188","-192","-194","-187","-186","-189","-193","-187","-193","-189","-191","-193","-189","-195","-190","-192","-192","-189","-189","-194","-194","-187","-191","-189","-189","-193","-194","-187","-187","-192"
"-190","-190","-194","-187","-188","-194","-194","-187","-188","-191","-193","-189","-190","-192","-189","-191","-191","-189","-190","-188","-190","-193","-192","-193","-192","-190","-191","-189","-192","-194","-193","-194","-193","-192","-192","-190","-192","-194","-192","-194"
"-193","-193","-195","-191","-192","-195","-190","-191","-196","-189","-190","-195","-194","-191","-189","-191","-194","-190","-191","-194","-190","-195","-187","-189","-192","-195","-193","-190","-193","-190","-191","-194","-192","-190","-191","-196","-187","-190","-195","-194"
"-190","-190","-195","-194","-187","-190","-196","-192","-191","-192","-195","-192","-189","-197","-191","-191","-193","-196","-193","-190","-197","-195","-190","-191","-195","-193","-189","-190","-194","-195","-189","-196","-192","-189","-191","-192","-192","-190","-190","-196"
"-188","-195","-190","-189","-191","-191","-192","-189","-194","-188","-193","-189","-190","-190","-194","-193","-188","-194","-190","-189","-191","-192","-194","-190","-194","-194","-190","-189","-192","-195","-189","-190","-195","-195","-189","-192","-193","-190","-190","-191"
"-195","-189","-194","-190","-191","-191","-194","-193","-189","-196","-190","-189","-194","-194","-194","-190","-196","-190","-195","-192","-190","-191","-194","-194","-189","-196","-190","-190","-191","-192","-193","-191","-197","-190","-193","-194","-192","-191","-191","-195"
"-189","-194","-191","-189","-191","-193","-195","-190","-196","-190","-192","-193","-193","-191","-190","-195","-188","-189","-193","-194","-192","-191","-193","-197","-191","-194","-201","-202","-196","-195","-202","-199","-202","-205","-199","-198","-200","-199","-191","-191"
"-197","-195","-191","-190","-194","-191","-192","-194","-191","-190","-197","-197","-190","-189","-193","-192","-188","-189","-190","-187","-188","-189","-186","-185","-188","-188","-191","-192","-188","-192","-194","-188","-193","-193","-187","-193","-193","-187","-194","-194"
"-187","-194","-193","-187","-193","-192","-188","-193","-192","-188","-193","-191","-188","-192","-190","-189","-192","-189","-189","-189","-189","-191","-194","-190","-192","-192","-192","-193","-191","-191","-193","-189","-192","-194","-188","-193","-194","-187","-192","-193"
"-187","-193","-194","-187","-192","-191","-185","-192","-191","-185","-195","-193","-192","-200","-194","-193","-193","-193","-193","-193","-188","-193","-192","-190","-191","-193","-190","-194","-190","-191","-195","-191","-191","-196","-190","-191","-197","-189","-191","-197"
"-190","-191","-195","-189","-191","-196","-190","-192","-195","-189","-194","-191","-190","-195","-192","-193","-194","-193","-194","-194","-193","-195","-191","-194","-197","-191","-196","-198","-191","-196","-198","-191","-198","-197","-190","-197","-196","-191","-196","-195"
"-190","-195","-193","-191","-198","-192","-194","-197","-191","-196","-193","-192","-194","-192","-193","-193","-190","-194","-195","-194","-197","-193","-193","-192","-190","-194","-193","-195","-198","-193","-194","-191","-190","-195","-191","-191","-195","-191","-192","-197"
"-192","-193","-199","-193","-195","-201","-196","-196","-202","-197","-200","-203","-196","-198","-201","-196","-198","-199","-203","-196","-198","-197","-201","-196","-197","-198","-193","-197","-198","-192","-198","-190","-196","-198","-196","-192","-198","-198","-196","-196"
"-199","-201","-194","-193","-196","-199","-196","-195","-199","-200","-194","-196","-196","-196","-193","-195","-198","-191","-197","-194","-194","-196","-190","-190","-196","-196","-190","-193","-196","-194","-190","-191","-196","-191","-193","-194","-189","-191","-197","-196"
"-191","-194","-192","-191","-196","-190","-196","-193","-192","-193","-196","-196","-192","-198","-193","-196","-198","-193","-199","-194","-196","-198","-196","-194","-194","-199","-193","-193","-199","-199","-195","-194","-200","-192","-199","-193","-196","-195","-198","-195"
"-193","-198","-193","-194","-196","-197","-197","-196","-200","-192","-198","-195","-194","-195","-198","-198","-193","-199","-194","-193","-195","-195","-198","-193","-199","-192","-197","-197","-194","-194","-194","-198","-191","-192","-198","-198","-194","-194","-198","-197"
"-192","-194","-200","-194","-195","-197","-192","-193","-197","-198","-191","-195","-196","-192","-198","-191","-198","-192","-195","-197","-192","-194","-199","-198","-191","-196","-195","-193","-198","-192","-198","-194","-193","-194","-197","-196","-192","-198","-192","-194"
"-194","-192","-197","-192","-197","-193","-194","-194","-197","-195","-192","-198","-192","-195","-196","-194","-199","-192","-199","-195","-196","-196","-199","-198","-193","-198","-193","-196","-195","-193","-197","-192","-197","-193","-194","-194","-197","-196","-191","-191"
"-197","-192","-194","-196","-194","-197","-192","-196","-194","-193","-194","-194","-198","-197","-192","-199","-193","-196","-197","-193","-200","-192","-198","-195","-195","-198","-192","-192","-199","-199","-193","-195","-197","-192","-199","-192","-196","-196","-194","-199"
"-192","-196","-193","-192","-194","-194","-197","-191","-199","-192","-197","-199","-193","-195","-201","-200","-194","-193","-198","-194","-195","-199","-193","-193","-200","-199","-192","-193","-196","-197","-194","-199","-191","-195","-193","-192","-198","-192","-198","-195"
"-196","-198","-194","-194","-199","-198","-192","-192","-196","-196","-193","-199","-191","-193","-198","-198","-192","-192","-195","-199","-193","-194","-198","-198","-193","-195","-199","-199","-193","-194","-200","-200","-194","-195","-196","-194","-198","-194","-200","-195"
"-196","-198","-195","-195","-201","-199","-192","-195","-196","-194","-198","-193","-199","-193","-195","-197","-193","-199","-193","-193","-197","-198","-192","-193","-195","-199","-193","-198","-190","-197","-194","-195","-197","-193","-199","-193","-196","-196","-193","-194"
"-199","-198","-192","-197","-194","-196","-197","-193","-199","-192","-198","-195","-195","-194","-199","-198","-193","-194","-199","-193","-195","-198","-194","-199","-192","-193","-198","-199","-194","-193","-195","-200","-195","-200","-195","-195","-197","-197","-199","-194"
"-200","-193","-197","-197","-197","-197","-200","-199","-194","-200","-196","-197","-198","-194","-200","-194","-197","-197","-196","-199","-193","-193","-199","-200","-195","-194","-197","-201","-196","-195","-201","-202","-194","-195","-197","-198","-194","-199","-192","-198"
"-195","-196","-201","-194","-200","-195","-196","-199","-194","-200","-194","-197","-196","-196","-201","-194","-201","-197","-198","-198","-202","-200","-194","-200","-195","-195","-197","-194","-200","-195","-198","-199","-197","-202","-196","-196","-201","-196","-198","-204"
"-199","-199","-202","-195","-198","-202","-200","-202","-201","-197","-204","-206","-199","-201","-200","-196","-204","-202","-196","-204","-204","-199","-203","-202","-195","-204","-204","-197","-204","-203","-196","-204","-203","-197","-203","-202","-197","-203","-202","-198"
"-202","-199","-198","-201","-198","-198","-199","-195","-197","-199","-197","-199","-201","-200","-202","-200","-199","-202","-198","-200","-202","-197","-201","-202","-196","-202","-203","-196","-203","-202","-196","-202","-202","-196","-202","-200","-195","-202","-199","-194"
"-201","-200","-194","-202","-201","-195","-201","-202","-195","-203","-202","-195","-201","-203","-197","-203","-203","-196","-202","-202","-196","-201","-201","-196","-199","-196","-198","-199","-197","-198","-200","-197","-197","-201","-195","-196","-202","-193","-200","-192"
"-193","-199","-189","-191","-196","-191","-188","-195","-185","-187","-192","-191","-194","-199","-194","-202","-202","-204","-199","-203","-200","-199","-201","-197","-197","-196","-196","-188","-188","-186","-193","-185","-187","-193","-194","-188","-189","-190","-192","-189"
"-190","-193","-188","-193","-186","-193","-191","-189","-188","-192","-186","-188","-193","-188","-187","-192","-190","-192","-198","-192","-194","-199","-193","-198","-195","-192","-194","-198","-201","-193","-198","-199","-193","-193","-197","-193","-194","-194","-197","-194"
"-196","-196","-199","-195","-201","-200","-194","-193","-196","-197","-193","-199","-192","-197","-195","-194","-194","-195","-198","-191","-198","-193","-194","-195","-198","-196","-193","-199","-194","-196","-195","-193","-199","-193","-199","-194","-199","-200","-194","-193"
"-197","-199","-195","-201","-194","-194","-198","-199","-197","-196","-201","-194","-198","-199","-195","-193","-196","-199","-194","-195","-199","-195","-196","-199","-195","-196","-199","-196","-197","-198","-196","-198","-196","-197","-199","-195","-198","-200","-194","-199"
"-199","-193","-199","-199","-192","-201","-198","-194","-200","-198","-193","-200","-195","-193","-198","-195","-194","-198","-195","-193","-196","-192","-196","-193","-195","-193","-193","-195","-193","-191","-194","-194","-197","-199","-195","-199","-199","-194","-200","-200"
"-194","-200","-200","-194","-200","-199","-193","-199","-198","-193","-198","-196","-193","-197","-195","-194","-196","-193","-194","-194","-192","-194","-196","-194","-197","-194","-194","-193","-191","-194","-194","-196","-198","-194","-195","-193","-191","-196","-192","-192"
"-198","-193","-198","-199","-192","-200","-199","-192","-200","-199","-193","-199","-199","-194","-199","-197","-193","-198","-195","-193","-197","-195","-194","-197","-194","-196","-195","-193","-196","-193","-193","-196","-194","-197","-200","-194","-198","-198","-191","-197"
"-197","-191","-199","-197","-191","-197","-189","-192","-200","-189","-193","-194","-193","-192","-193","-196","-190","-194","-195","-191","-190","-194","-196","-193","-193","-197","-191","-192","-198","-198","-193","-195","-194","-192","-196","-196","-198","-199","-197","-200"
"-200","-195","-200","-199","-193","-198","-197","-191","-198","-197","-192","-199","-198","-194","-199","-197","-193","-197","-195","-194","-197","-194","-195","-197","-196","-199","-197","-197","-200","-195","-198","-200","-193","-199","-199","-193","-200","-199","-192","-199"
"-198","-192","-199","-197","-193","-198","-194","-193","-198","-194","-195","-198","-195","-196","-196","-194","-194","-192","-194","-196","-195","-197","-194","-194","-191","-190","-195","-192","-195","-198","-193","-196","-191","-192","-196","-194","-197","-200","-193","-198"
"-198","-192","-196","-192","-193","-198","-193","-200","-199","-192","-200","-201","-194","-202","-193","-192","-201","-197","-200","-204","-200","-201","-204","-199","-200","-195","-201","-204","-191","-205","-193","-193","-201","-197","-198","-198","-193","-192","-197","-190"
"-199","-196","-191","-195","-193","-198","-194","-197","-197","-190","-198","-190","-192","-196","-194","-195","-197","-191","-197","-191","-191","-197","-194","-189","-193","-199","-190","-193","-199","-193","-193","-199","-194","-194","-197","-191","-197","-198","-194","-193"
"-193","-199","-191","-196","-193","-190","-192","-191","-194","-189","-199","-193","-196","-195","-195","-196","-195","-194","-195","-197","-194","-198","-192","-197","-191","-194","-195","-193","-193","-198","-192","-197","-193","-195","-197","-194","-199","-192","-195","-195"
"-194","-198","-194","-197","-192","-196","-194","-194","-196","-193","-194","-197","-192","-196","-191","-195","-192","-193","-195","-192","-197","-192","-196","-196","-194","-193","-194","-197","-193","-197","-193","-193","-195","-195","-197","-193","-196","-190","-195","-196"
"-192","-195","-190","-192","-192","-192","-190","-192","-192","-194","-191","-195","-189","-196","-190","-194","-196","-190","-194","-195","-191","-194","-195","-194","-190","-193","-196","-198","-193","-195","-194","-192","-196","-197","-195","-195","-196","-197","-196","-195"
"-194","-197","-197","-194","-195","-193","-191","-194","-195","-193","-196","-196","-194","-195","-195","-195","-195","-197","-196","-195","-198","-195","-194","-199","-195","-197","-194","-196","-200","-194","-192","-194","-195","-198","-199","-194","-199","-194","-199","-195"
"-194","-200","-194","-199","-196","-195","-197","-196","-200","-197","-198","-199","-196","-196","-199","-195","-195","-198","-195","-195","-199","-194","-196","-195","-194","-197","-196","-196","-198","-195","-199","-198","-194","-199","-198","-194","-198","-199","-194","-199"
"-198","-194","-199","-199","-195","-198","-195","-197","-196","-196","-197","-198","-195","-199","-194","-198","-193","-193","-197","-193","-193","-199","-194","-192","-197","-194","-194","-197","-192","-192","-196","-193","-193","-196","-194","-194","-196","-195","-193","-196"
"-196","-193","-198","-192","-197","-192","-193","-194","-192","-193","-194","-192","-189","-188","-191","-191","-194","-195","-190","-193","-191","-195","-190","-192","-196","-193","-191","-196","-191","-196","-191","-192","-195","-193","-192","-192","-195","-191","-195","-193"
"-193","-193","-195","-196","-192","-198","-192","-194","-195","-196","-195","-192","-198","-192","-197","-196","-196","-195","-195","-198","-197","-194","-197","-191","-194","-197","-196","-195","-194","-198","-194","-197","-197","-194","-199","-193","-193","-197","-199","-194"
"-194","-195","-199","-195","-200","-196","-195","-199","-198","-199","-194","-200","-195","-200","-194","-198","-198","-199","-197","-195","-199","-195","-197","-197","-197","-194","-195","-197","-195","-200","-195","-194","-194","-198","-197","-194","-199","-194","-193","-196"
"-196","-198","-193","-198","-197","-192","-198","-198","-194","-199","-198","-194","-199","-194","-195","-198","-193","-198","-193","-198","-194","-199","-196","-199","-198","-198","-196","-199","-200","-197","-197","-199","-195","-196","-199","-195","-197","-201","-195","-194"
"-199","-195","-197","-195","-194","-194","-195","-197","-194","-198","-198","-193","-198","-194","-198","-195","-199","-196","-194","-193","-196","-197","-197","-197","-193","-195","-194","-193","-197","-195","-195","-198","-196","-196","-193","-197","-195","-192","-201","-201"
"-196","-195","-198","-201","-199","-194","-197","-193","-195","-202","-198","-191","-200","-196","-193","-198","-191","-193","-196","-198","-195","-198","-192","-200","-193","-199","-193","-199","-192","-196","-199","-192","-196","-194","-198","-196","-194","-195","-196","-196"
"-197","-196","-194","-200","-194","-192","-198","-193","-196","-197","-197","-193","-199","-197","-194","-199","-193","-194","-199","-193","-198","-199","-193","-197","-197","-196","-195","-198","-193","-195","-199","-192","-199","-199","-193","-196","-197","-193","-195","-198"
"-193","-195","-199","-192","-197","-198","-196","-194","-198","-198","-193","-198","-194","-193","-197","-194","-195","-199","-199","-194","-195","-198","-192","-201","-193","-193","-196","-197","-194","-195","-198","-193","-198","-199","-194","-197","-196","-194","-194","-197"
"-193","-194","-198","-193","-195","-197","-196","-194","-197","-196","-191","-198","-192","-192","-196","-197","-193","-195","-199","-192","-199","-199","-192","-196","-197","-194","-195","-200","-192","-194","-198","-192","-196","-197","-194","-194","-198","-197","-193","-198"
"-191","-191","-195","-194","-195","-195","-197","-192","-199","-198","-191","-195","-194","-193","-193","-198","-193","-194","-199","-194","-197","-200","-197","-196","-200","-200","-197","-201","-196","-194","-200","-196","-201","-199","-199","-197","-191","-196","-199","-194"
"-192","-198","-192","-193","-194","-188","-196","-192","-191","-196","-188","-195","-189","-196","-190","-193","-194","-195","-192","-191","-197","-189","-190","-197","-191","-192","-193","-193","-196","-189","-199","-193","-199","-198","-198","-201","-195","-196","-201","-199"
"-193","-193","-199","-198","-191","-196","-192","-193","-194","-195","-196","-197","-199","-196","-197","-203","-205","-203","-202","-202","-213","-210","-218","-213","-214","-207","-210","-212","-208","-205","-202","-204","-203","-200","-204","-200","-202","-205","-199","-200"
"-202","-199","-201","-201","-199","-201","-197","-198","-200","-198","-202","-201","-200","-203","-201","-202","-205","-203","-202","-206","-200","-200","-206","-197","-201","-204","-197","-201","-196","-197","-202","-202","-198","-196","-199","-195","-199","-201","-201","-197"
"-199","-201","-199","-200","-202","-201","-198","-201","-201","-196","-203","-200","-195","-200","-202","-198","-202","-203","-198","-203","-201","-195","-201","-202","-197","-200","-201","-198","-200","-199","-198","-201","-198","-197","-200","-197","-197","-199","-197","-200"
"-201","-199","-196","-195","-198","-200","-198","-198","-203","-195","-194","-199","-199","-192","-196","-203","-202","-203","-205","-209","-208","-207","-208","-206","-206","-206","-210","-207","-206","-204","-203","-203","-206","-204","-203","-204","-201","-203","-204","-200"
"-203","-204","-199","-205","-202","-196","-204","-202","-199","-205","-207","-204","-204","-200","-202","-203","-207","-202","-209","-206","-202","-208","-203","-207","-206","-203","-207","-206","-202","-207","-205","-201","-206","-206","-202","-205","-200","-205","-204","-201"
"-202","-202","-202","-202","-203","-201","-201","-202","-199","-208","-201","-201","-206","-201","-205","-200","-206","-200","-205","-203","-207","-203","-206","-202","-207","-201","-205","-201","-206","-203","-204","-206","-205","-206","-203","-206","-204","-207","-199","-203"
"-202","-203","-199","-202","-199","-201","-195","-199","-199","-202","-199","-202","-202","-198","-198","-197","-199","-202","-209","-214","-213","-208","-211","-209","-211","-206","-211","-206","-209","-209","-206","-208","-202","-200","-202","-198","-205","-203","-200","-207"
"-200","-203","-205","-200","-205","-201","-206","-200","-202","-205","-200","-200","-204","-199","-201","-205","-198","-199","-205","-199","-200","-205","-198","-204","-200","-197","-204","-196","-203","-197","-198","-204","-196","-197","-203","-196","-197","-203","-197","-197"
"-204","-196","-203","-202","-195","-202","-203","-196","-204","-204","-197","-204","-203","-196","-204","-204","-197","-204","-205","-197","-204","-205","-197","-204","-204","-197","-203","-203","-198","-206","-207","-203","-208","-205","-206","-212","-206","-208","-212","-214"
"-213","-215","-205","-209","-215","-207","-214","-204","-204","-212","-202","-215","-215","-208","-217","-215","-209","-214","-214","-209","-213","-215","-209","-211","-209","-207","-210","-210","-206","-209","-210","-210","-208","-212","-210","-209","-214","-213","-210","-212"
"-204","-204","-202","-195","-206","-208","-204","-207","-204","-210","-201","-206","-200","-202","-206","-203","-200","-203","-208","-208","-212","-211","-213","-212","-212","-211","-210","-213","-211","-208","-209","-213","-207","-211","-210","-209","-206","-204","-204","-204"
"-203","-204","-205","-206","-206","-207","-206","-206","-207","-206","-206","-206","-206","-206","-207","-207","-206","-206","-203","-201","-201","-197","-197","-197","-198","-198","-197","-199","-196","-198","-199","-200","-199","-199","-203","-200","-200","-200","-197","-195"
"-190","-198","-195","-195","-195","-195","-195","-198","-196","-196","-194","-196","-193","-198","-200","-193","-193","-196","-197","-194","-197","-193","-197","-198","-199","-199","-203","-205","-199","-204","-203","-200","-199","-200","-200","-200","-201","-200","-202","-201"
"-201","-202","-204","-204","-204","-202","-203","-201","-201","-201","-202","-198","-199","-199","-199","-196","-196","-197","-200","-196","-198","-197","-195","-191","-195","-195","-192","-192","-192","-195","-203","-202","-199","-198","-198","-201","-200","-198","-200","-200"
"-200","-198","-198","-198","-199","-200","-193","-199","-195","-199","-198","-198","-200","-200","-198","-198","-198","-199","-199","-199","-198","-198","-197","-201","-196","-201","-195","-202","-195","-202","-195","-198","-197","-198","-198","-197","-196","-200","-200","-200"
"-200","-199","-202","-201","-202","-201","-202","-201","-201","-202","-201","-200","-200","-198","-197","-192","-196","-198","-195","-198","-197","-198","-193","-194","-195","-195","-194","-195","-197","-197","-197","-198","-196","-201","-202","-198","-201","-199","-200","-198"
"-199","-201","-200","-200","-201","-202","-203","-202","-202","-202","-201","-201","-201","-199","-201","-201","-201","-201","-201","-201","-201","-200","-200","-200","-199","-199","-201","-198","-202","-196","-200","-201","-197","-199","-198","-204","-199","-199","-200","-195"
"-199","-201","-197","-197","-203","-201","-204","-207","-204","-211","-210","-209","-212","-210","-213","-208","-212","-211","-210","-212","-207","-212","-210","-210","-212","-208","-212","-206","-211","-211","-209","-212","-210","-209","-211","-211","-210","-211","-211","-211"
"-214","-213","-214","-212","-211","-211","-211","-212","-210","-210","-213","-213","-212","-211","-211","-211","-210","-212","-211","-208","-208","-207","-207","-205","-206","-205","-205","-205","-205","-206","-205","-205","-206","-207","-206","-207","-209","-211","-209","-209"
"-209","-210","-210","-210","-208","-208","-208","-208","-209","-210","-209","-209","-208","-208","-208","-208","-207","-208","-211","-209","-212","-212","-212","-211","-212","-212","-215","-216","-213","-212","-218","-216","-215","-214","-213","-212","-216","-210","-209","-212"
"-210","-208","-207","-208","-209","-209","-208","-208","-208","-209","-209","-209","-208","-208","-207","-208","-209","-208","-210","-210","-207","-211","-209","-205","-209","-209","-204","-209","-209","-206","-210","-207","-205","-204","-207","-206","-203","-207","-203","-206"
"-202","-206","-204","-200","-203","-203","-204","-204","-212","-210","-206","-209","-209","-205","-210","-208","-204","-206","-201","-196","-202","-197","-201","-200","-200","-200","-201","-201","-205","-204","-200","-205","-202","-207","-207","-204","-205","-203","-198","-201"
"-203","-202","-197","-205","-203","-211","-205","-205","-207","-201","-203","-197","-206","-203","-199","-205","-200","-204","-202","-202","-202","-200","-204","-199","-204","-202","-202","-203","-198","-204","-200","-204","-203","-201","-203","-198","-202","-199","-203","-200"
"-198","-201","-200","-197","-202","-199","-200","-199","-196","-198","-194","-199","-198","-199","-198","-198","-197","-201","-200","-203","-196","-194","-198","-194","-202","-204","-202","-203","-209","-200","-199","-198","-202","-200","-200","-199","-201","-201","-199","-201"
"-197","-199","-201","-197","-198","-198","-199","-201","-197","-195","-200","-196","-201","-200","-195","-198","-198","-196","-200","-197","-199","-199","-193","-195","-202","-200","-197","-202","-198","-199","-198","-196","-202","-200","-196","-200","-197","-196","-201","-200"
"-196","-201","-197","-198","-199","-198","-198","-200","-198","-200","-198","-195","-199","-198","-199","-200","-196","-195","-200","-197","-201","-200","-196","-196","-200","-194","-200","-198","-193","-197","-197","-195","-199","-200","-199","-200","-198","-197","-199","-195"
"-200","-201","-197","-201","-196","-195","-202","-200","-195","-201","-196","-191","-200","-200","-198","-201","-199","-196","-200","-199","-195","-206","-196","-193","-204","-204","-197","-214","-203","-205","-197","-209","-201","-204","-198","-202","-198","-203","-204","-203"
"-202","-202","-201","-205","-205","-206","-204","-205","-195","-200","-198","-203","-198","-197","-196","-192","-194","-197","-194","-198","-193","-199","-194","-199","-194","-198","-192","-194","-196","-193","-191","-193","-196","-192","-195","-195","-194","-192","-196","-198"
"-196","-195","-197","-197","-193","-193","-197","-195","-194","-194","-196","-196","-192","-198","-195","-194","-196","-196","-197","-193","-196","-198","-196","-194","-194","-201","-197","-196","-200","-200","-198","-200","-200","-202","-196","-197","-200","-197","-199","-200"
"-200","-200","-197","-201","-199","-198","-200","-200","-199","-195","-204","-205","-200","-199","-204","-203","-201","-199","-203","-205","-200","-203","-202","-201","-198","-198","-201","-198","-201","-203","-201","-201","-198","-203","-202","-201","-205","-206","-204","-203"
"-204","-204","-199","-196","-200","-197","-197","-197","-199","-201","-200","-198","-201","-205","-204","-198","-205","-209","-203","-201","-201","-203","-195","-195","-202","-202","-197","-199","-201","-201","-200","-199","-203","-200","-203","-204","-203","-200","-198","-199"
"-197","-198","-201","-202","-200","-199","-201","-201","-197","-197","-204","-202","-202","-203","-203","-201","-198","-205","-200","-202","-204","-202","-203","-200","-205","-206","-201","-203","-204","-204","-203","-201","-206","-201","-204","-204","-202","-203","-202","-206"
"-207","-204","-207","-209","-206","-209","-207","-208","-206","-207","-207","-203","-204","-207","-201","-204","-208","-202","-202","-207","-207","-204","-207","-201","-210","-206","-205","-201","-194","-199","-198","-196","-199","-202","-198","-199","-202","-201","-202","-203"
"-202","-198","-200","-202","-199","-202","-205","-203","-201","-201","-200","-203","-203","-201","-201","-198","-203","-199","-199","-198","-200","-201","-199","-200","-200","-198","-199","-200","-200","-200","-201","-200","-199","-197","-201","-198","-201","-202","-202","-197"
"-203","-192","-195","-198","-194","-197","-195","-197","-198","-192","-194","-197","-199","-195","-194","-196","-197","-197","-192","-197","-197","-197","-195","-196","-198","-192","-197","-199","-194","-196","-193","-198","-194","-194","-194","-196","-197","-192","-197","-197"
"-196","-195","-193","-197","-194","-194","-196","-197","-197","-191","-198","-198","-196","-196","-193","-198","-195","-194","-196","-197","-197","-193","-198","-197","-196","-195","-194","-197","-193","-193","-196","-196","-196","-193","-198","-197","-194","-193","-196","-196"
"-193","-192","-197","-198","-196","-195","-196","-197","-192","-194","-196","-197","-194","-195","-196","-197","-193","-198","-195","-195","-192","-195","-197","-189","-199","-196","-195","-194","-194","-198","-192","-193","-196","-196","-195","-194","-197","-197","-192","-192"
"-196","-196","-194","-194","-197","-197","-192","-196","-196","-194","-196","-194","-191","-194","-200","-194","-196","-192","-201","-198","-194","-199","-197","-196","-192","-195","-199","-192","-197","-200","-197","-198","-196","-196","-200","-195","-198","-202","-196","-198"
"-201","-196","-197","-201","-195","-196","-200","-196","-196","-201","-195","-197","-201","-195","-196","-200","-196","-196","-200","-195","-197","-199","-195","-196","-199","-195","-197","-199","-194","-199","-199","-195","-198","-198","-193","-197","-193","-198","-198","-197"
"-197","-194","-198","-194","-198","-195","-195","-199","-196","-195","-199","-197","-195","-198","-197","-194","-198","-196","-194","-196","-196","-195","-195","-196","-195","-195","-197","-194","-197","-197","-193","-192","-196","-196","-196","-196","-195","-197","-197","-196"
"-197","-197","-195","-197","-197","-196","-197","-197","-194","-197","-198","-194","-198","-197","-193","-197","-197","-193","-197","-198","-193","-197","-196","-192","-197","-192","-194","-197","-192","-194","-196","-193","-195","-197","-193","-197","-197","-194","-197","-196"
"-193","-197","-194","-196","-197","-195","-197","-197","-195","-197","-197","-196","-198","-197","-198","-198","-197","-197","-198","-196","-198","-198","-195","-198","-198","-194","-199","-197","-193","-198","-197","-192","-198","-197","-193","-198","-198","-194","-198","-198"
"-194","-198","-199","-194","-198","-198","-195","-198","-195","-197","-198","-195","-198","-198","-196","-198","-197","-197","-198","-197","-197","-198","-197","-196","-196","-193","-198","-195","-193","-198","-192","-193","-198","-194","-194","-199","-193","-194","-198","-193"
"-194","-198","-194","-194","-198","-194","-199","-198","-195","-200","-195","-196","-199","-195","-197","-198","-196","-197","-198","-196","-199","-198","-198","-200","-198","-199","-199","-197","-199","-199","-196","-200","-200","-196","-200","-199","-195","-199","-199","-195"
"-199","-199","-195","-199","-198","-194","-199","-195","-197","-199","-194","-199","-199","-195","-200","-195","-198","-199","-196","-199","-199","-197","-199","-199","-199","-199","-198","-199","-200","-198","-199","-199","-196","-199","-199","-195","-199","-199","-195","-199"
"-199","-194","-199","-199","-195","-198","-197","-194","-199","-197","-193","-198","-194","-197","-198","-196","-197","-198","-196","-199","-198","-197","-199","-198","-198","-198","-197","-198","-198","-197","-198","-199","-196","-198","-198","-196","-199","-199","-195","-199"
"-199","-194","-199","-198","-194","-199","-198","-194","-199","-199","-194","-199","-198","-194","-199","-194","-196","-200","-194","-199","-199","-195","-199","-198","-194","-199","-194","-196","-199","-194","-199","-198","-194","-198","-193","-196","-199","-193","-196","-200"
"-195","-200","-195","-202","-196","-200","-198","-200","-200","-198","-197","-192","-197","-194","-195","-196","-193","-197","-197","-193","-198","-195","-190","-197","-195","-190","-197","-198","-194","-201","-200","-196","-200","-198","-205","-196","-194","-196","-196","-198"
"-199","-194","-198","-191","-193","-195","-196","-193","-196","-191","-192","-193","-191","-197","-193","-189","-193","-191","-194","-195","-191","-196","-196","-196","-199","-193","-194","-197","-197","-195","-195","-194","-196","-191","-190","-194","-191","-195","-195","-190"
"-195","-190","-192","-196","-192","-196","-196","-191","-194","-195","-195","-196","-192","-196","-195","-193","-196","-192","-191","-196","-191","-196","-195","-197","-191","-191","-195","-193","-190","-194","-195","-196","-191","-190","-195","-194","-192","-195","-195","-196"
"-190","-190","-192","-190","-194","-194","-189","-195","-190","-193","-194","-192","-196","-195","-196","-196","-193","-196","-193","-191","-196","-192","-197","-196","-193","-196","-193","-191","-195","-191","-196","-196","-192","-196","-191","-191","-195","-195","-193","-197"
"-193","-198","-195","-193","-198","-195","-194","-195","-193","-195","-193","-190","-196","-195","-194","-197","-195","-196","-196","-191","-197","-196","-192","-193","-197","-195","-194","-196","-195","-197","-193","-192","-197","-193","-197","-197","-193","-196","-195","-192"
"-197","-194","-197","-197","-192","-193","-197","-192","-198","-196","-193","-194","-195","-193","-196","-195","-195","-195","-194","-194","-195","-191","-194","-195","-190","-196","-191","-190","-194","-193","-190","-194","-192","-194","-191","-189","-195","-192","-197","-195"
"-190","-193","-197","-192","-195","-196","-190","-192","-198","-189","-196","-195","-191","-196","-194","-189","-193","-194","-188","-197","-192","-195","-198","-194","-197","-196","-192","-195","-191","-190","-196","-194","-190","-196","-195","-197","-192","-193","-195","-190"
"-195","-197","-194","-194","-192","-195","-192","-192","-192","-192","-195","-191","-192","-193","-193","-195","-192","-192","-190","-188","-194","-195","-195","-190","-194","-194","-193","-193","-192","-195","-191","-189","-195","-194","-193","-191","-195","-189","-195","-191"
"-197","-195","-190","-195","-190","-193","-193","-191","-194","-191","-196","-196","-192","-192","-194","-194","-188","-190","-194","-194","-191","-192","-194","-193","-190","-190","-194","-193","-190","-193","-191","-191","-195","-195","-194","-190","-196","-192","-193","-196"
"-192","-196","-195","-194","-193","-194","-196","-192","-196","-195","-194","-193","-190","-197","-193","-191","-194","-195","-194","-191","-196","-196","-192","-192","-195","-195","-191","-192","-196","-196","-193","-196","-196","-193","-196","-192","-196","-195","-194","-197"
"-192","-195","-195","-195","-193","-196","-198","-192","-197","-197","-196","-195","-194","-197","-192","-198","-195","-195","-195","-195","-196","-191","-197","-194","-195","-195","-192","-192","-196","-196","-193","-195","-195","-192","-196","-192","-197","-195","-191","-193"
"-196","-196","-191","-196","-194","-194","-193","-194","-196","-192","-196","-194","-193","-194","-195","-195","-191","-194","-192","-190","-195","-192","-196","-193","-195","-195","-195","-195","-193","-193","-196","-191","-195","-194","-193","-194","-191","-191","-195","-195"
"-192","-193","-195","-191","-195","-192","-197","-195","-191","-193","-195","-195","-191","-195","-193","-193","-195","-191","-196","-192","-195","-194","-191","-192","-196","-196","-191","-195","-193","-192","-195","-191","-195","-192","-193","-188","-195","-191","-195","-195"
"-191","-196","-191","-195","-193","-193","-195","-191","-196","-193","-195","-195","-192","-193","-196","-195","-192","-196","-194","-192","-195","-191","-196","-195","-193","-192","-192","-195","-191","-196","-193","-196","-195","-192","-196","-191","-195","-196","-193","-194"
"-195","-190","-191","-196","-196","-192","-191","-194","-195","-192","-196","-192","-191","-196","-196","-195","-193","-192","-196","-191","-195","-193","-193","-195","-191","-197","-190","-196","-195","-192","-193","-193","-196","-194","-197","-199","-199","-197","-198","-197"
"-195","-193","-190","-193","-195","-194","-196","-195","-193","-195","-195","-192","-196","-196","-191","-194","-189","-196","-194","-192","-191","-190","-190","-188","-190","-190","-190","-191","-192","-190","-192","-190","-191","-191","-192","-191","-191","-194","-192","-193"
"-193","-190","-193","-193","-190","-195","-195","-190","-194","-194","-190","-194","-193","-189","-194","-193","-190","-193","-192","-190","-194","-192","-191","-193","-190","-192","-193","-190","-194","-191","-189","-194","-190","-189","-194","-190","-189","-194","-190","-190"
"-195","-190","-191","-195","-191","-192","-195","-190","-194","-195","-191","-196","-194","-191","-194","-193","-192","-194","-192","-193","-193","-190","-193","-192","-191","-194","-190","-190","-195","-191","-195","-194","-192","-196","-193","-189","-195","-191","-192","-196"
"-191","-195","-196","-191","-196","-191","-190","-197","-190","-191","-195","-190","-192","-196","-191","-195","-194","-190","-195","-194","-191","-194","-193","-191","-194","-192","-194","-194","-190","-193","-193","-191","-195","-193","-195","-195","-192","-194","-193","-192"
"-194","-192","-195","-194","-190","-194","-192","-191","-194","-193","-194","-194","-191","-194","-192","-193","-195","-193","-195","-195","-192","-194","-192","-193","-194","-193","-195","-194","-195","-195","-194","-195","-195","-192","-195","-196","-192","-195","-195","-192"
"-195","-195","-191","-195","-195","-190","-196","-191","-194","-194","-193","-195","-193","-194","-195","-192","-194","-194","-192","-196","-192","-192","-197","-191","-191","-196","-191","-191","-196","-191","-191","-196","-190","-192","-195","-192","-193","-196","-191","-197"
"-196","-191","-196","-195","-191","-196","-191","-196","-191","-192","-196","-190","-195","-195","-191","-196","-190","-195","-195","-190","-195","-194","-191","-196","-191","-194","-196","-191","-196","-195","-191","-195","-191","-193","-195","-191","-195","-194","-191","-195"
"-191","-193","-195","-191","-195","-194","-191","-196","-192","-195","-196","-191","-195","-195","-192","-196","-193","-195","-195","-192","-195","-194","-194","-195","-193","-196","-195","-193","-196","-195","-196","-195","-195","-197","-197","-193","-193","-192","-195","-194"
"-188","-194","-187","-187","-192","-184","-186","-192","-192","-193","-203","-191","-198","-200","-196","-198","-202","-197","-195","-203","-192","-195","-193","-187","-190","-190","-188","-188","-187","-189","-191","-191","-191","-193","-188","-195","-192","-195","-187","-186"
"-195","-197","-192","-197","-194","-193","-197","-194","-192","-192","-198","-193","-198","-197","-192","-197","-196","-192","-197","-197","-192","-198","-197","-194","-199","-197","-196","-197","-193","-196","-195","-193","-196","-191","-192","-197","-191","-193","-197","-191"
"-193","-196","-194","-200","-194","-199","-194","-197","-196","-196","-194","-195","-195","-194","-195","-196","-198","-196","-198","-203","-200","-198","-205","-201","-207","-200","-198","-203","-199","-202","-200","-196","-198","-199","-194","-197","-199","-195","-199","-197"
"-191","-196","-195","-191","-198","-195","-192","-196","-195","-193","-194","-193","-194","-193","-191","-193","-193","-190","-193","-192","-189","-194","-190","-190","-195","-189","-190","-195","-190","-191","-195","-189","-190","-193","-189","-196","-197","-193","-202","-202"
"-211","-209","-209","-210","-206","-206","-204","-203","-203","-202","-202","-201","-200","-200","-197","-199","-195","-200","-199","-197","-199","-199","-198","-199","-200","-199","-198","-199","-197","-197","-198","-195","-197","-197","-195","-196","-194","-198","-197","-195"
"-198","-193","-198","-198","-193","-198","-198","-195","-197","-198","-196","-196","-197","-195","-197","-197","-195","-196","-197","-194","-196","-194","-192","-196","-194","-193","-197","-194","-192","-197","-196","-197","-198","-195","-197","-195","-197","-197","-195","-197"
"-196","-197","-197","-196","-196","-196","-197","-197","-195","-196","-194","-191","-196","-196","-197","-198","-196","-198","-198","-194","-199","-193","-197","-194","-198","-193","-199","-192","-197","-198","-193","-198","-200","-198","-196","-194","-194","-197","-192","-197"
"-196","-196","-196","-195","-195","-197","-196","-193","-195","-194","-197","-194","-191","-197","-195","-192","-195","-197","-197","-196","-199","-198","-195","-198","-195","-199","-198","-197","-194","-195","-197","-194","-198","-195","-197","-196","-196","-195","-197","-198"
"-194","-196","-196","-194","-197","-196","-193","-198","-198","-194","-197","-198","-196","-197","-196","-196","-192","-196","-196","-192","-195","-195","-190","-195","-190","-197","-191","-196","-192","-191","-196","-193","-192","-196","-195","-197","-197","-195","-196","-195"
"-197","-197","-195","-197","-196","-197","-197","-196","-196","-194","-192","-197","-196","-197","-197","-194","-198","-198","-193","-198","-196","-193","-198","-195","-196","-196","-194","-195","-195","-193","-193","-193","-191","-194","-194","-191","-193","-193","-189","-191"
"-192","-188","-191","-186","-192","-191","-187","-187","-192","-190","-189","-191","-192","-191","-189","-193","-190","-193","-194","-192","-194","-194","-193","-194","-193","-193","-195","-193","-195","-195","-192","-195","-194","-191","-196","-196","-191","-195","-195","-191"
"-196","-196","-191","-195","-194","-191","-195","-193","-191","-194","-192","-192","-193","-191","-193","-192","-190","-194","-191","-191","-196","-190","-191","-196","-191","-190","-196","-191","-196","-196","-191","-195","-195","-190","-196","-195","-192","-195","-194","-193"
"-196","-194","-195","-195","-193","-196","-192","-191","-197","-192","-191","-196","-191","-192","-196","-192","-192","-196","-191","-193","-197","-192","-194","-196","-193","-196","-195","-195","-196","-196","-195","-196","-195","-196","-197","-195","-196","-197","-192","-196"
"-196","-191","-196","-195","-190","-196","-195","-191","-195","-194","-189","-195","-195","-191","-195","-192","-194","-196","-192","-196","-196","-192","-196","-194","-194","-195","-193","-195","-196","-195","-196","-196","-197","-196","-195","-197","-197","-195","-196","-196"
"-198","-196","-195","-195","-197","-193","-195","-195","-191","-196","-196","-190","-196","-195","-190","-196","-195","-190","-195","-191","-192","-196","-193","-193","-195","-187","-195","-196","-193","-195","-196","-194","-195","-195","-195","-198","-198","-196","-196","-194"
"-196","-197","-195","-197","-197","-195","-196","-196","-192","-196","-196","-192","-195","-196","-192","-196","-195","-191","-196","-195","-190","-196","-191","-193","-195","-192","-194","-196","-192","-195","-195","-193","-195","-195","-195","-196","-194","-195","-197","-195"
"-198","-198","-194","-198","-198","-194","-197","-197","-193","-196","-195","-191","-196","-196","-191","-196","-191","-196","-195","-190","-196","-195","-192","-196","-195","-192","-195","-194","-194","-195","-192","-194","-194","-192","-194","-194","-192","-193","-193","-191"
"-195","-190","-194","-189","-195","-189","-196","-191","-196","-192","-196","-196","-193","-196","-193","-196","-196","-193","-195","-197","-192","-196","-195","-191","-196","-196","-191","-197","-196","-191","-196","-196","-191","-195","-195","-192","-195","-196","-192","-195"
"-195","-192","-195","-196","-190","-196","-196","-191","-197","-193","-196","-196","-193","-197","-195","-196","-195","-194","-196","-193","-197","-193","-197","-197","-197","-196","-193","-198","-194","-193","-198","-192","-193","-197","-192","-190","-195","-192","-192","-197"
"-190","-192","-197","-190","-191","-197","-191","-191","-197","-192","-190","-196","-190","-195","-193","-190","-194","-194","-188","-191","-195","-196","-192","-195","-194","-190","-196","-195","-191","-190","-196","-196","-192","-193","-197","-197","-192","-192","-198","-195"
