"-94","-115","-112","-123","-108","-74","-111","-99","-101","-100","-101","-100","-105","-112","-122","-118","-115","-120","-104","-114","-119","-124","-123","-127","-123","-105","-100","-100","-119","-120","-122","-143","-131","-128","-138","-110","-122","-104","-107","-106"
"-129","-127","-124","-132","-98","-103","-106","-125","-127","-131","-135","-123","-100","-114","-125","-139","-139","-129","-130","-101","-106","-103","-105","-109","-131","-122","-115","-106","-97","-102","-99","-105","-129","-116","-119","-117","-91","-121","-122","-151"
"-141","-127","-130","-96","-99","-95","-97","-123","-118","-107","-111","-114","-101","-92","-111","-114","-117","-152","-114","-107","-116","-109","-123","-130","-141","-125","-122","-101","-113","-103","-111","-132","-121","-106","-112","-93","-90","-91","-95","-114"
"-118","-97","-109","-115","-81","-97","-103","-107","-116","-110","-117","-114","-107","-98","-112","-91","-92","-91","-93","-113","-110","-100","-113","-130","-99","-109","-98","-99","-105","-125","-114","-106","-115","-135","-127","-98","-91","-91","-95","-99"
"-126","-105","-114","-104","-84","-106","-89","-90","-91","-117","-110","-109","-109","-111","-104","-91","-93","-104","-114","-103","-105","-112","-115","-98","-108","-83","-83","-90","-95","-109","-109","-105","-116","-110","-75","-105","-85","-86","-91","-94"
"-93","-102","-110","-119","-106","-111","-106","-120","-81","-98","-98","-98","-113","-119","-115","-128","-137","-96","-91","-85","-92","-113","-114","-109","-112","-117","-130","-103","-108","-87","-85","-87","-98","-100","-107","-104","-126","-123","-109","-111"
"-60","-96","-87","-103","-103","-98","-100","-100","-122","-109","-101","-111","-104","-100","-102","-96","-120","-114","-109","-111","-102","-112","-134","-101","-107","-108","-129","-94","-107","-89","-88","-90","-94","-123","-109","-105","-116","-125","-79","-91"
"-90","-88","-92","-93","-109","-106","-123","-122","-119","-83","-105","-81","-85","-88","-90","-99","-126","-110","-102","-107","-101","-104","-81","-89","-90","-94","-108","-110","-116","-103","-108","-103","-91","-93","-82","-92","-90","-90","-91","-103"
"-116","-111","-120","-110","-83","-99","-85","-91","-90","-98","-122","-108","-113","-97","-93","-87","-113","-102","-95","-89","-93","-120","-114","-106","-94","-93","-111","-92","-88","-99","-108","-109","-104","-103","-72","-97","-89","-90","-91","-90"
"-115","-106","-102","-111","-96","-93","-90","-92","-89","-90","-95","-113","-116","-110","-96","-84","-113","-90","-91","-91","-94","-117","-104","-94","-99","-93","-91","-92","-84","-93","-102","-108","-121","-83","-85","-77","-103","-102","-103","-105"
"-110","-126","-118","-118","-108","-117","-95","-96","-89","-90","-93","-100","-99","-119","-117","-93","-116","-63","-97","-88","-88","-88","-90","-90","-94","-113","-104","-112","-101","-112","-39","-88","-89","-90","-92","-98","-116","-105","-112","-98"
"-63","-111","-90","-97","-93","-92","-90","-89","-100","-108","-112","-103","-96","-107","-87","-92","-95","-89","-89","-89","-99","-94","-108","-110","-104","-103","-100","-77","-98","-91","-95","-98","-98","-98","-97","-110","-121","-115","-110","-109"
"-99","-103","-84","-97","-88","-90","-90","-90","-106","-113","-107","-116","-105","-78","-103","-91","-96","-98","-128","-114","-96","-113","-126","-97","-91","-90","-92","-98","-116","-114","-106","-93","-105","-96","-88","-88","-90","-93","-92","-96"
"-122","-103","-108","-110","-113","-100","-89","-89","-90","-101","-123","-103","-94","-85","-70","-99","-97","-89","-88","-103","-109","-108","-106","-107","-56","-95","-87","-87","-87","-90","-106","-102","-108","-93","-103","-81","-81","-88","-94","-126"
"-102","-93","-100","-113","-95","-73","-97","-88","-94","-98","-113","-114","-90","-101","-92","-99","-69","-101","-101","-108","-132","-150","-124","-122","-109","-107","-94","-100","-89","-89","-96","-106","-109","-108","-91","-106","-106","-74","-89","-88"
"-84","-114","-118","-100","-96","-105","-73","-90","-88","-91","-89","-91","-113","-100","-94","-108","-120","-123","-102","-82","-90","-91","-88","-96","-113","-119","-95","-107","-108","-87","-108","-90","-88","-90","-92","-115","-111","-107","-98","-108"
"-108","-76","-109","-98","-99","-147","-153","-162","-151","-116","-112","-124","-125","-120","-85","-85","-86","-89","-94","-90","-104","-77","-66","-72","-118","-132","-133","-85","-90","-106","-92","-98","-107","-98","-87","-92","-103","-104","-101","-79"
"-61","-103","-101","-130","-92","-94","-114","-113","-110","-110","-101","-96","-95","-92","-100","-98","-99","-88","-89","-89","-105","-113","-108","-86","-106","-92","-71","-88","-88","-89","-89","-92","-110","-93","-95","-98","-117","-81","-108","-91"
"-91","-91","-91","-111","-108","-99","-103","-100","-71","-96","-93","-88","-91","-89","-117","-91","-99","-83","-91","-80","-107","-93","-95","-95","-111","-112","-111","-101","-100","-103","-117","-92","-97","-98","-88","-90","-102","-103","-111","-88"
"-105","-121","-103","-97","-83","-94","-100","-97","-104","-127","-112","-110","-106","-105","-101","-72","-99","-95","-89","-88","-90","-93","-95","-121","-91","-88","-98","-107","-76","-102","-98","-103","-87","-90","-91","-98","-104","-101","-104","-101"
"-123","-79","-90","-95","-99","-87","-89","-77","-81","-100","-106","-101","-97","-92","-88","-100","-85","-93","-89","-92","-98","-102","-129","-87","-96","-83","-92","-97","-86","-94","-93","-91","-88","-90","-93","-112","-101","-92","-96","-102"
"-80","-102","-83","-88","-90","-96","-120","-111","-101","-107","-120","-117","-101","-87","-87","-90","-97","-96","-102","-125","-113","-89","-92","-92","-87","-99","-102","-89","-93","-98","-100","-114","-101","-102","-119","-109","-94","-91","-93","-90"
"-103","-102","-125","-107","-79","-73","-112","-109","-90","-96","-91","-89","-88","-89","-87","-98","-109","-104","-102","-97","-93","-84","-98","-90","-92","-88","-88","-89","-89","-100","-110","-104","-89","-86","-89","-73","-92","-94","-89","-89"
"-89","-90","-111","-111","-99","-93","-89","-98","-93","-87","-93","-90","-90","-91","-109","-102","-91","-102","-90","-116","-97","-88","-89","-98","-108","-102","-100","-112","-120","-123","-92","-83","-91","-94","-108","-116","-104","-115","-111","-117"
"-93","-90","-90","-94","-120","-127","-96","-108","-100","-95","-76","-105","-94","-97","-109","-114","-106","-117","-88","-120","-108","-87","-98","-88","-95","-87","-91","-90","-94","-96","-98","-83","-93","-98","-106","-101","-98","-76","-98","-96"
"-101","-87","-87","-90","-91","-96","-90","-95","-93","-97","-89","-81","-83","-100","-110","-91","-99","-97","-101","-107","-107","-92","-95","-72","-107","-84","-91","-89","-93","-93","-116","-117","-102","-85","-87","-60","-121","-80","-88","-88"
"-89","-89","-93","-107","-110","-94","-98","-90","-97","-81","-93","-86","-96","-87","-88","-91","-99","-103","-90","-91","-104","-91","-94","-103","-87","-89","-99","-112","-96","-89","-82","-89","-73","-91","-92","-92","-87","-88","-90","-92"
"-97","-102","-97","-78","-117","-118","-89","-91","-89","-87","-87","-88","-90","-87","-88","-94","-96","-101","-91","-93","-105","-106","-97","-96","-83","-98","-101","-89","-88","-89","-92","-95","-96","-85","-115","-100","-91","-63","-69","-105"
"-91","-88","-89","-91","-94","-108","-103","-90","-89","-107","-115","-90","-78","-100","-88","-88","-97","-106","-108","-99","-92","-74","-102","-83","-105","-91","-90","-93","-106","-106","-82","-114","-99","-99","-98","-84","-88","-89","-90","-92"
"-110","-100","-83","-92","-99","-109","-87","-85","-87","-86","-88","-89","-96","-98","-97","-112","-90","-120","-111","-83","-89","-91","-94","-89","-86","-87","-95","-96","-101","-106","-100","-97","-107","-110","-116","-82","-85","-94","-89","-89"
"-91","-91","-107","-109","-95","-97","-97","-85","-115","-85","-95","-91","-88","-88","-90","-96","-111","-99","-104","-125","-123","-115","-119","-78","-95","-87","-94","-95","-88","-86","-87","-89","-90","-102","-98","-96","-102","-103","-93","-90"
"-83","-94","-105","-87","-87","-89","-88","-89","-92","-102","-95","-96","-87","-108","-102","-107","-97","-85","-102","-87","-88","-86","-89","-91","-101","-102","-93","-93","-100","-62","-121","-78","-90","-97","-98","-87","-88","-88","-93","-101"
"-102","-104","-98","-94","-100","-116","-85","-96","-94","-92","-91","-88","-89","-88","-107","-103","-108","-94","-88","-106","-118","-81","-95","-94","-88","-97","-91","-87","-87","-88","-88","-93","-102","-108","-88","-99","-87","-108","-108","-86"
"-90","-88","-91","-94","-99","-87","-87","-89","-88","-95","-98","-99","-96","-95","-100","-107","-104","-98","-90","-98","-94","-89","-97","-95","-98","-86","-88","-90","-98","-97","-102","-93","-92","-100","-114","-103","-102","-79","-89","-90"
"-92","-91","-90","-95","-99","-94","-101","-94","-97","-90","-97","-93","-91","-103","-90","-89","-94","-92","-89","-89","-89","-88","-98","-106","-100","-93","-93","-87","-91","-88","-92","-93","-87","-88","-89","-92","-90","-104","-96","-97"
"-114","-117","-110","-89","-83","-89","-93","-94","-93","-89","-88","-89","-89","-97","-113","-105","-95","-93","-79","-96","-71","-102","-93","-91","-88","-88","-93","-97","-95","-112","-93","-91","-75","-85","-81","-102","-88","-105","-87","-89"
"-88","-87","-89","-95","-99","-106","-91","-88","-89","-93","-93","-79","-91","-92","-99","-85","-87","-89","-88","-89","-92","-111","-102","-83","-101","-89","-86","-81","-87","-100","-98","-86","-87","-86","-86","-89","-99","-98","-101","-89"
"-93","-101","-106","-96","-89","-92","-99","-98","-87","-87","-88","-89","-88","-96","-101","-104","-89","-105","-99","-106","-92","-98","-84","-97","-96","-93","-91","-91","-90","-92","-101","-113","-93","-94","-97","-87","-87","-97","-86","-89"
"-89","-89","-93","-98","-106","-106","-114","-126","-125","-92","-120","-120","-135","-137","-88","-88","-87","-88","-89","-90","-102","-100","-100","-99","-103","-101","-96","-101","-84","-84","-94","-88","-87","-90","-94","-96","-103","-104","-100","-92"
"-104","-110","-75","-86","-92","-87","-90","-89","-89","-94","-107","-103","-103","-103","-105","-110","-77","-99","-83","-88","-87","-89","-92","-105","-99","-95","-100","-95","-97","-79","-93","-87","-88","-89","-97","-113","-94","-91","-89","-106"
"-104","-86","-90","-86","-89","-90","-92","-100","-113","-88","-96","-80","-84","-68","-101","-87","-88","-86","-87","-87","-89","-98","-101","-99","-94","-91","-106","-97","-96","-78","-100","-90","-97","-95","-88","-89","-89","-88","-95","-106"
"-96","-85","-104","-106","-106","-89","-77","-87","-88","-87","-88","-89","-92","-97","-99","-100","-96","-100","-115","-118","-110","-83","-90","-90","-88","-88","-88","-88","-91","-103","-109","-96","-80","-114","-100","-95","-103","-88","-88","-88"
"-86","-99","-117","-102","-97","-92","-96","-102","-82","-90","-94","-95","-94","-88","-88","-89","-91","-101","-104","-101","-88","-104","-105","-91","-86","-87","-88","-88","-90","-98","-105","-93","-88","-93","-108","-104","-98","-83","-94","-97"
"-90","-90","-90","-92","-96","-96","-101","-98","-106","-91","-102","-99","-95","-102","-96","-96","-95","-88","-91","-89","-91","-87","-87","-88","-89","-88","-98","-97","-106","-96","-96","-98","-104","-103","-107","-92","-94","-95","-100","-87"
"-87","-87","-88","-89","-97","-99","-100","-94","-92","-96","-98","-91","-76","-87","-89","-93","-92","-97","-85","-86","-87","-89","-91","-97","-102","-90","-92","-86","-91","-90","-89","-72","-88","-85","-93","-90","-95","-90","-88","-87"
"-91","-91","-95","-90","-94","-94","-99","-87","-86","-90","-77","-73","-102","-102","-92","-87","-92","-93","-92","-91","-118","-115","-122","-119","-126","-131","-124","-111","-101","-99","-99","-99","-90","-92","-88","-88","-89","-95","-105","-104"
"-105","-84","-90","-81","-85","-80","-91","-90","-89","-89","-90","-88","-91","-101","-107","-110","-95","-112","-111","-107","-89","-87","-92","-87","-88","-86","-87","-90","-93","-98","-103","-94","-91","-89","-90","-97","-69","-93","-88","-90"
"-86","-87","-91","-91","-91","-104","-93","-84","-85","-90","-92","-81","-98","-85","-96","-87","-88","-87","-88","-89","-94","-102","-104","-96","-100","-100","-108","-105","-81","-90","-88","-86","-87","-88","-99","-99","-97","-104","-90","-126"
"-114","-125","-118","-93","-92","-91","-88","-88","-89","-90","-90","-89","-90","-91","-90","-90","-92","-97","-107","-105","-97","-103","-105","-95","-93","-81","-98","-90","-87","-88","-87","-88","-88","-91","-89","-90","-104","-101","-95","-103"
"-112","-113","-103","-80","-88","-87","-85","-88","-87","-88","-91","-106","-101","-101","-103","-96","-94","-98","-95","-96","-95","-95","-109","-109","-108","-105","-110","-120","-127","-121","-115","-108","-98","-89","-93","-83","-92","-88","-89","-87"
"-89","-91","-100","-109","-94","-107","-102","-114","-112","-91","-92","-88","-90","-92","-91","-107","-100","-103","-86","-93","-93","-91","-93","-91","-95","-94","-88","-91","-94","-99","-104","-93","-90","-92","-95","-98","-97","-93","-90","-87"
"-90","-90","-93","-103","-98","-102","-90","-99","-89","-85","-90","-94","-86","-96","-87","-87","-87","-87","-88","-95","-103","-99","-98","-91","-91","-88","-95","-91","-92","-89","-94","-93","-91","-87","-89","-90","-92","-105","-104","-91"
"-96","-86","-96","-79","-107","-77","-91","-89","-89","-92","-98","-102","-96","-88","-96","-93","-88","-100","-83","-84","-92","-87","-86","-88","-93","-116","-90","-93","-92","-89","-91","-85","-88","-90","-90","-87","-90","-96","-104","-108"
"-89","-101","-99","-102","-99","-84","-99","-83","-91","-96","-95","-86","-88","-89","-111","-100","-85","-94","-93","-86","-108","-75","-102","-85","-90","-91","-87","-87","-87","-90","-97","-107","-90","-86","-91","-99","-93","-92","-91","-86"
"-98","-90","-94","-88","-89","-88","-92","-104","-108","-95","-88","-94","-94","-70","-93","-84","-85","-85","-87","-93","-94","-104","-89","-92","-93","-84","-85","-85","-88","-85","-88","-88","-87","-94","-110","-93","-88","-89","-80","-81"
"-94","-84","-91","-85","-86","-88","-88","-87","-94","-96","-105","-95","-94","-81","-94","-68","-99","-89","-95","-87","-90","-87","-104","-105","-95","-103","-81","-87","-89","-86","-91","-86","-88","-88","-86","-93","-97","-93","-98","-102"
"-89","-107","-100","-93","-100","-78","-90","-94","-96","-95","-88","-88","-99","-105","-103","-92","-108","-86","-78","-85","-86","-88","-89","-90","-93","-102","-113","-86","-90","-82","-89","-99","-86","-86","-90","-92","-92","-107","-104","-91"
"-104","-106","-105","-81","-86","-86","-90","-92","-88","-92","-93","-106","-100","-90","-88","-111","-103","-93","-90","-90","-91","-87","-89","-92","-98","-104","-104","-98","-102","-118","-115","-105","-87","-83","-89","-89","-90","-90","-94","-96"
"-108","-93","-89","-89","-85","-71","-84","-86","-89","-88","-88","-95","-104","-110","-81","-93","-77","-95","-77","-87","-95","-96","-89","-88","-88","-88","-93","-96","-97","-105","-86","-98","-95","-92","-99","-72","-97","-94","-90","-95"
"-87","-88","-87","-90","-91","-118","-91","-82","-94","-79","-80","-77","-91","-95","-90","-90","-91","-96","-113","-99","-93","-93","-79","-81","-95","-84","-94","-91","-90","-89","-88","-105","-110","-79","-94","-92","-102","-84","-83","-93"
"-88","-89","-86","-102","-110","-91","-89","-107","-101","-103","-85","-93","-88","-93","-93","-86","-87","-89","-94","-96","-100","-103","-80","-96","-90","-84","-97","-89","-92","-94","-94","-89","-89","-90","-94","-123","-93","-99","-79","-84"
"-89","-86","-76","-93","-94","-87","-86","-89","-91","-97","-104","-87","-89","-84","-90","-85","-95","-84","-92","-87","-87","-87","-91","-107","-99","-92","-89","-96","-91","-92","-89","-94","-88","-90","-88","-89","-91","-98","-105","-99"
"-84","-88","-89","-81","-79","-88","-89","-93","-92","-90","-88","-88","-89","-89","-99","-120","-95","-72","-93","-74","-80","-89","-92","-88","-90","-89","-91","-96","-95","-107","-93","-91","-107","-94","-82","-80","-88","-87","-88","-88"
"-89","-90","-94","-111","-98","-86","-90","-84","-99","-72","-91","-96","-97","-88","-88","-90","-94","-115","-97","-91","-80","-91","-90","-68","-97","-83","-90","-87","-89","-89","-100","-113","-97","-78","-92","-76","-80","-88","-100","-90"
"-90","-87","-89","-90","-100","-110","-99","-101","-103","-92","-98","-83","-89","-93","-96","-97","-88","-89","-90","-89","-96","-103","-102","-97","-95","-88","-92","-78","-95","-90","-94","-94","-86","-88","-87","-91","-90","-101","-108","-89"
"-95","-98","-107","-102","-83","-88","-94","-95","-95","-98","-86","-88","-91","-116","-97","-92","-80","-84","-68","-105","-91","-90","-90","-99","-110","-112","-99","-93","-90","-101","-83","-99","-89","-90","-90","-90","-91","-102","-109","-101"
"-91","-96","-95","-80","-89","-93","-94","-93","-93","-97","-119","-97","-118","-133","-141","-129","-94","-86","-89","-91","-92","-91","-92","-90","-91","-93","-96","-105","-112","-112","-129","-117","-81","-107","-112","-90","-91","-93","-97","-108"
"-114","-104","-93","-90","-89","-76","-98","-96","-89","-91","-90","-90","-91","-102","-111","-98","-96","-99","-88","-84","-91","-90","-93","-87","-88","-89","-91","-108","-105","-86","-91","-98","-99","-97","-86","-87","-85","-88","-88","-93"
"-104","-99","-94","-102","-88","-87","-93","-97","-95","-91","-88","-89","-89","-89","-97","-107","-103","-96","-89","-94","-94","-94","-103","-94","-96","-90","-92","-89","-90","-96","-116","-97","-96","-85","-85","-94","-88","-94","-93","-92"
"-90","-89","-88","-101","-107","-108","-81","-95","-89","-96","-84","-93","-90","-97","-88","-89","-90","-87","-90","-96","-113","-100","-85","-100","-92","-94","-72","-88","-87","-88","-88","-92","-98","-100","-96","-85","-95","-86","-87","-87"
"-89","-92","-91","-93","-91","-88","-89","-93","-106","-99","-90","-93","-103","-94","-80","-92","-95","-87","-88","-89","-88","-104","-110","-92","-100","-117","-121","-108","-83","-81","-89","-107","-106","-107","-105","-107","-107","-112","-103","-98"
"-92","-103","-92","-87","-93","-95","-97","-94","-90","-89","-91","-97","-116","-97","-96","-82","-94","-94","-86","-88","-89","-90","-91","-95","-95","-107","-92","-93","-94","-98","-84","-100","-88","-94","-97","-91","-90","-99","-105","-94"
"-97","-93","-90","-100","-88","-78","-104","-100","-87","-90","-89","-98","-100","-105","-106","-101","-100","-110","-107","-74","-91","-90","-92","-97","-100","-88","-88","-87","-90","-89","-88","-96","-85","-95","-100","-90","-98","-102","-92","-104"
"-102","-102","-88","-93","-91","-92","-94","-95","-89","-88","-88","-89","-94","-102","-97","-107","-106","-92","-79","-97","-110","-109","-122","-136","-89","-86","-85","-85","-91","-97","-99","-95","-103","-103","-94","-79","-81","-100","-88","-87"
"-88","-98","-105","-97","-98","-101","-99","-98","-82","-100","-88","-89","-89","-89","-94","-105","-106","-95","-98","-92","-105","-98","-92","-80","-85","-94","-88","-87","-88","-90","-89","-93","-113","-92","-92","-103","-107","-88","-104","-82"
"-88","-88","-89","-89","-111","-98","-93","-107","-91","-98","-93","-77","-93","-95","-89","-89","-89","-91","-103","-94","-88","-81","-102","-114","-98","-83","-89","-86","-90","-84","-89","-102","-95","-93","-93","-98","-93","-93","-85","-96"
"-85","-93","-90","-92","-88","-89","-88","-88","-89","-90","-92","-98","-93","-95","-90","-87","-101","-96","-93","-91","-92","-93","-86","-100","-101","-99","-88","-88","-88","-87","-89","-100","-110","-93","-82","-83","-86","-75","-95","-85"
"-98","-99","-94","-90","-95","-107","-103","-86","-95","-91","-95","-97","-94","-92","-91","-90","-93","-102","-109","-96","-96","-94","-98","-86","-90","-85","-100","-88","-89","-90","-95","-100","-107","-89","-93","-96","-95","-92","-83","-92"
"-101","-97","-88","-89","-89","-89","-89","-92","-102","-97","-94","-80","-92","-85","-88","-96","-90","-97","-89","-89","-88","-94","-103","-102","-85","-94","-95","-95","-96","-83","-87","-100","-89","-89","-89","-90","-98","-89","-88","-90"
"-94","-105","-72","-90","-97","-90","-88","-93","-108","-114","-103","-83","-97","-95","-104","-85","-90","-87","-91","-89","-90","-96","-101","-95","-101","-86","-79","-90","-73","-88","-93","-94","-93","-94","-88","-87","-89","-89","-99","-107"
"-87","-91","-109","-112","-90","-86","-90","-94","-89","-87","-89","-93","-102","-99","-84","-108","-119","-123","-105","-88","-95","-97","-97","-101","-88","-89","-87","-89","-88","-92","-94","-108","-98","-105","-110","-121","-121","-101","-91","-88"
"-99","-90","-87","-90","-92","-127","-90","-95","-84","-96","-61","-94","-98","-89","-89","-90","-97","-110","-94","-85","-90","-101","-101","-91","-94","-95","-99","-88","-90","-88","-92","-102","-100","-97","-88","-105","-108","-99","-94","-91"
"-92","-94","-89","-89","-87","-88","-93","-109","-93","-101","-93","-109","-111","-88","-81","-90","-97","-118","-117","-117","-118","-119","-122","-122","-115","-103","-99","-99","-96","-88","-97","-96","-92","-89","-88","-91","-95","-108","-105","-93"
"-92","-98","-94","-90","-93","-97","-103","-94","-95","-95","-94","-94","-96","-102","-107","-112","-92","-111","-97","-96","-87","-96","-92","-92","-91","-92","-97","-122","-98","-98","-106","-112","-87","-104","-85","-95","-88","-87","-89","-90"
"-91","-97","-101","-102","-95","-86","-84","-97","-69","-88","-87","-88","-90","-93","-100","-99","-97","-101","-98","-112","-105","-89","-86","-88","-87","-90","-92","-115","-83","-97","-91","-103","-101","-96","-89","-93","-88","-87","-89","-88"
"-96","-102","-102","-99","-97","-98","-111","-102","-87","-91","-91","-94","-89","-88","-90","-93","-97","-100","-106","-93","-95","-87","-91","-85","-88","-89","-90","-89","-89","-101","-107","-95","-90","-93","-95","-92","-93","-89","-91","-88"
"-90","-87","-90","-103","-95","-105","-92","-103","-80","-101","-85","-89","-100","-91","-88","-89","-89","-92","-103","-100","-111","-97","-106","-114","-88","-86","-94","-91","-93","-87","-89","-87","-88","-90","-89","-97","-101","-93","-99","-101"
"-116","-113","-110","-80","-85","-91","-89","-88","-87","-88","-89","-89","-101","-106","-94","-96","-109","-97","-87","-90","-88","-98","-88","-90","-88","-90","-91","-109","-95","-98","-89","-98","-103","-71","-86","-92","-90","-100","-110","-110"
"-106","-106","-94","-91","-96","-99","-91","-91","-92","-91","-91","-87","-108","-104","-77","-96","-103","-96","-90","-89","-91","-106","-93","-92","-114","-116","-109","-103","-98","-90","-102","-68","-90","-92","-90","-96","-116","-103","-84","-92"
"-109","-57","-88","-97","-90","-91","-89","-90","-90","-92","-106","-106","-86","-86","-112","-89","-123","-81","-92","-93","-112","-96","-94","-79","-114","-102","-87","-87","-98","-96","-99","-87","-88","-88","-88","-91","-98","-92","-105","-97"
"-94","-92","-92","-88","-95","-92","-95","-97","-90","-89","-91","-90","-102","-102","-99","-72","-97","-94","-78","-99","-86","-93","-91","-89","-104","-99","-98","-94","-105","-91","-99","-86","-93","-92","-92","-89","-87","-90","-98","-104"
"-100","-92","-95","-93","-94","-87","-89","-89","-88","-91","-92","-111","-98","-97","-91","-99","-101","-89","-93","-94","-95","-106","-91","-89","-95","-99","-105","-105","-86","-97","-88","-80","-93","-93","-90","-88","-87","-92","-96","-111"
"-95","-89","-100","-100","-104","-96","-89","-90","-89","-89","-89","-91","-98","-104","-93","-100","-99","-100","-100","-95","-100","-87","-89","-88","-89","-88","-90","-90","-98","-109","-97","-84","-83","-89","-95","-87","-89","-90","-92","-96"
"-108","-99","-93","-95","-93","-93","-95","-88","-88","-91","-94","-106","-102","-84","-111","-113","-110","-90","-85","-89","-88","-89","-90","-96","-97","-106","-91","-91","-113","-102","-93","-91","-89","-91","-111","-105","-91","-106","-103","-109"
"-84","-90","-89","-90","-89","-89","-88","-92","-99","-106","-90","-88","-94","-95","-59","-102","-88","-89","-89","-91","-98","-110","-99","-83","-93","-96","-98","-94","-90","-92","-92","-88","-88","-88","-91","-95","-105","-99","-83","-101"
"-107","-93","-100","-96","-93","-96","-93","-88","-88","-89","-93","-97","-102","-103","-97","-103","-108","-107","-85","-105","-90","-89","-89","-89","-91","-88","-103","-95","-111","-79","-102","-102","-93","-86","-91","-89","-92","-92","-90","-90"
"-90","-93","-98","-109","-101","-100","-105","-107","-107","-80","-88","-95","-99","-88","-88","-90","-88","-89","-95","-104","-98","-77","-87","-99","-99","-89","-85","-90","-95","-97","-90","-87","-88","-88","-90","-86","-89","-96","-95","-97"
"-101","-109","-99","-93","-101","-105","-106","-91","-90","-96","-90","-90","-91","-90","-98","-105","-98","-99","-92","-94","-102","-83","-92","-101","-89","-89","-89","-88","-91","-98","-100","-110","-103","-123","-115","-92","-104","-86","-89","-88"
"-89","-90","-89","-89","-98","-110","-88","-96","-107","-102","-106","-96","-95","-96","-93","-92","-89","-89","-89","-88","-89","-93","-105","-87","-113","-89","-106","-101","-90","-91","-107","-89","-90","-88","-89","-89","-93","-108","-106","-102"
"-99","-114","-112","-81","-88","-88","-84","-94","-89","-92","-89","-93","-106","-109","-104","-108","-99","-95","-88","-89","-88","-87","-101","-92","-94","-99","-98","-101","-93","-79","-93","-91","-92","-89","-89","-97","-114","-104","-93","-96"
