"-95","-95","-96","-95","-95","-95","-94","-95","-94","-94","-95","-94","-95","-95","-95","-95","-95","-95","-93","-93","-95","-91","-90","-90","-102","-88","-104","-93","-93","-95","-95","-100","-99","-99","-97","-99","-101","-101","-99","-98"
"-98","-99","-98","-98","-99","-98","-98","-99","-97","-98","-99","-98","-98","-98","-97","-97","-98","-97","-98","-98","-97","-98","-98","-98","-98","-98","-98","-97","-97","-98","-97","-97","-98","-97","-98","-99","-98","-99","-99","-98"
"-99","-100","-98","-99","-99","-98","-99","-99","-99","-98","-99","-98","-98","-97","-99","-98","-98","-98","-98","-98","-98","-98","-97","-98","-97","-97","-98","-97","-98","-97","-97","-98","-97","-98","-98","-97","-99","-98","-97","-99"
"-98","-97","-98","-97","-97","-99","-97","-98","-98","-99","-99","-98","-98","-99","-98","-98","-98","-98","-99","-98","-98","-99","-99","-98","-98","-98","-98","-99","-98","-98","-98","-98","-98","-99","-98","-98","-98","-98","-99","-98"
"-98","-99","-97","-98","-98","-97","-97","-99","-97","-98","-98","-97","-98","-97","-98","-97","-97","-98","-97","-97","-98","-97","-96","-99","-95","-95","-96","-97","-96","-97","-97","-97","-98","-97","-98","-98","-96","-97","-97","-97"
"-97","-97","-97","-96","-95","-95","-95","-94","-95","-95","-95","-96","-95","-95","-96","-96","-96","-96","-96","-96","-96","-96","-97","-96","-96","-97","-95","-96","-96","-96","-97","-97","-97","-96","-97","-96","-97","-96","-96","-96"
"-96","-96","-97","-96","-97","-96","-97","-97","-96","-96","-97","-96","-97","-97","-96","-96","-97","-96","-97","-97","-96","-97","-96","-98","-98","-96","-97","-97","-96","-97","-97","-96","-97","-97","-97","-98","-97","-97","-97","-97"
"-97","-97","-97","-97","-97","-97","-97","-97","-97","-98","-97","-97","-97","-97","-97","-97","-97","-97","-97","-97","-98","-98","-97","-98","-97","-98","-97","-97","-97","-97","-97","-97","-95","-96","-98","-96","-96","-98","-96","-97"
"-98","-96","-97","-97","-97","-98","-98","-98","-98","-97","-97","-97","-98","-97","-98","-98","-99","-98","-99","-98","-98","-99","-99","-98","-99","-99","-98","-99","-99","-98","-98","-98","-99","-98","-99","-99","-98","-98","-98","-98"
"-99","-99","-98","-98","-98","-98","-99","-98","-99","-99","-99","-99","-98","-98","-99","-98","-98","-99","-98","-98","-99","-98","-98","-99","-98","-98","-99","-98","-98","-99","-98","-99","-99","-99","-91","-98","-99","-99","-99","-100"
"-99","-98","-99","-99","-98","-99","-99","-99","-99","-99","-99","-99","-99","-99","-99","-98","-99","-98","-98","-100","-98","-99","-99","-98","-98","-99","-99","-99","-99","-99","-99","-99","-99","-99","-98","-99","-99","-97","-94","-97"
"-85","-77","-76","-77","-76","-73","-74","-70","-72","-73","-78","-87","-88","-89","-88","-96","-93","-93","-94","-92","-65","-86","-95","-106","-94","-91","-93","-93","-93","-97","-96","-96","-97","-97","-98","-99","-98","-98","-97","-97"
"-98","-97","-98","-98","-97","-99","-99","-98","-99","-98","-98","-98","-98","-97","-98","-98","-98","-99","-99","-100","-99","-101","-100","-99","-100","-99","-99","-99","-100","-100","-100","-100","-100","-99","-100","-99","-99","-99","-99","-100"
"-99","-100","-98","-100","-99","-99","-99","-101","-99","-99","-99","-99","-99","-99","-99","-99","-99","-99","-99","-99","-100","-100","-99","-99","-100","-99","-99","-100","-98","-99","-100","-99","-100","-99","-100","-99","-100","-99","-99","-100"
"-99","-100","-99","-100","-99","-100","-99","-99","-99","-99","-99","-100","-99","-100","-100","-100","-100","-99","-99","-99","-99","-99","-100","-99","-100","-100","-99","-99","-99","-100","-99","-98","-99","-100","-100","-99","-99","-100","-99","-100"
"-99","-99","-99","-98","-99","-99","-99","-99","-99","-99","-99","-98","-98","-99","-99","-99","-99","-99","-99","-100","-99","-99","-99","-99","-99","-99","-100","-99","-99","-100","-100","-100","-100","-99","-100","-99","-100","-99","-100","-100"
"-99","-99","-98","-98","-99","-99","-99","-100","-99","-99","-100","-98","-100","-99","-100","-98","-100","-100","-99","-99","-99","-99","-99","-99","-99","-99","-99","-100","-99","-99","-99","-99","-99","-100","-100","-99","-98","-99","-98","-99"
"-100","-99","-98","-99","-98","-98","-98","-97","-96","-95","-96","-96","-96","-96","-96","-97","-96","-96","-96","-97","-97","-97","-97","-97","-97","-98","-97","-97","-98","-97","-97","-99","-97","-98","-99","-97","-98","-98","-97","-97"
"-97","-97","-98","-97","-97","-98","-97","-97","-97","-97","-97","-97","-96","-97","-97","-96","-96","-96","-96","-96","-95","-95","-96","-96","-95","-96","-96","-95","-96","-96","-96","-96","-97","-96","-96","-96","-97","-96","-97","-96"
"-96","-96","-96","-95","-96","-96","-96","-96","-96","-96","-96","-97","-97","-97","-97","-97","-96","-96","-97","-96","-96","-96","-95","-96","-96","-95","-96","-96","-95","-96","-96","-96","-97","-97","-97","-97","-96","-97","-97","-96"
"-97","-96","-96","-97","-97","-96","-97","-97","-96","-97","-96","-96","-97","-96","-96","-96","-96","-96","-96","-96","-96","-97","-95","-97","-96","-96","-96","-96","-96","-96","-95","-96","-97","-95","-96","-96","-97","-96","-97","-96"
"-96","-97","-96","-97","-97","-97","-97","-96","-97","-97","-98","-97","-97","-96","-97","-97","-96","-97","-97","-96","-97","-97","-96","-97","-97","-96","-97","-97","-97","-97","-96","-97","-97","-96","-97","-96","-96","-97","-96","-96"
"-97","-96","-96","-97","-96","-96","-97","-96","-96","-96","-96","-96","-96","-96","-96","-96","-96","-96","-95","-96","-96","-96","-97","-96","-95","-96","-96","-95","-97","-96","-95","-97","-95","-95","-96","-96","-96","-96","-96","-96"
"-95","-95","-95","-95","-95","-96","-95","-95","-96","-95","-96","-96","-95","-95","-95","-96","-96","-95","-96","-96","-95","-96","-96","-96","-97","-96","-97","-96","-96","-96","-97","-96","-97","-96","-96","-96","-96","-94","-97","-94"
"-94","-95","-91","-92","-93","-92","-93","-92","-92","-93","-93","-94","-95","-94","-94","-95","-94","-95","-96","-94","-95","-95","-95","-96","-96","-96","-96","-96","-96","-96","-96","-96","-95","-96","-96","-96","-97","-96","-97","-96"
"-95","-95","-96","-96","-95","-95","-95","-95","-96","-95","-95","-96","-95","-96","-95","-96","-95","-95","-96","-95","-94","-96","-94","-95","-96","-94","-94","-95","-94","-95","-95","-94","-95","-95","-95","-95","-96","-96","-95","-95"
"-95","-96","-95","-95","-96","-94","-95","-95","-95","-95","-96","-95","-95","-95","-95","-95","-95","-95","-96","-96","-96","-96","-95","-97","-95","-95","-96","-95","-93","-92","-83","-84","-88","-77","-72","-73","-78","-69","-72","-78"
"-72","-35","-80","-74","-78","-84","-96","-92","-94","-98","-97","-100","-99","-99","-99","-98","-98","-99","-98","-97","-98","-99","-99","-99","-98","-99","-98","-98","-98","-98","-98","-97","-97","-98","-96","-97","-99","-97","-97","-98"
"-98","-98","-99","-97","-99","-99","-97","-99","-98","-98","-98","-98","-98","-98","-97","-99","-97","-98","-99","-97","-98","-99","-97","-97","-99","-98","-100","-98","-99","-100","-99","-100","-98","-98","-97","-99","-99","-100","-99","-100"
"-99","-98","-97","-99","-98","-97","-98","-97","-98","-98","-97","-98","-97","-98","-97","-97","-97","-97","-97","-97","-97","-97","-97","-97","-98","-99","-98","-98","-98","-98","-96","-99","-99","-98","-98","-98","-97","-97","-98","-98"
"-97","-97","-98","-98","-97","-98","-98","-98","-98","-98","-98","-98","-97","-98","-98","-98","-98","-98","-98","-97","-98","-98","-97","-97","-97","-97","-98","-97","-97","-97","-98","-98","-96","-98","-97","-97","-98","-96","-96","-97"
"-97","-97","-97","-96","-97","-97","-97","-97","-97","-97","-98","-97","-97","-98","-97","-98","-98","-97","-98","-98","-97","-97","-97","-97","-97","-98","-97","-97","-97","-98","-97","-97","-98","-97","-97","-98","-97","-97","-97","-96"
"-97","-97","-97","-97","-97","-97","-97","-97","-97","-98","-99","-99","-102","-100","-99","-102","-104","-103","-102","-100","-100","-99","-99","-99","-100","-99","-99","-99","-99","-100","-100","-100","-99","-98","-99","-98","-99","-98","-97","-98"
"-98","-98","-98","-98","-98","-98","-99","-98","-99","-98","-99","-98","-98","-99","-98","-98","-99","-99","-99","-99","-99","-98","-98","-98","-99","-99","-98","-98","-99","-97","-98","-98","-98","-99","-98","-98","-98","-98","-98","-98"
"-98","-98","-98","-97","-99","-98","-98","-99","-98","-98","-99","-98","-98","-100","-99","-100","-99","-99","-100","-99","-99","-99","-99","-99","-98","-99","-99","-99","-99","-99","-99","-99","-98","-97","-98","-98","-98","-98","-98","-97"
"-97","-97","-97","-97","-97","-97","-97","-97","-98","-97","-97","-98","-97","-97","-99","-97","-97","-98","-97","-98","-98","-97","-97","-97","-97","-98","-98","-97","-97","-98","-98","-98","-98","-98","-98","-97","-98","-97","-97","-99"
"-98","-97","-99","-98","-98","-99","-98","-97","-99","-98","-98","-98","-98","-99","-98","-98","-98","-98","-99","-98","-98","-98","-99","-98","-98","-98","-97","-98","-98","-96","-98","-98","-94","-97","-97","-96","-97","-97","-97","-98"
"-98","-98","-98","-98","-98","-97","-98","-98","-97","-96","-97","-96","-97","-96","-96","-97","-97","-96","-97","-96","-96","-97","-97","-96","-97","-97","-96","-96","-97","-95","-97","-96","-96","-97","-97","-96","-97","-97","-98","-97"
"-97","-97","-97","-98","-98","-97","-98","-98","-98","-97","-98","-97","-98","-99","-98","-98","-97","-98","-98","-98","-97","-97","-98","-97","-97","-98","-96","-97","-98","-97","-98","-97","-97","-98","-96","-97","-98","-97","-97","-98"
"-97","-97","-97","-96","-97","-97","-97","-98","-97","-97","-97","-97","-97","-97","-97","-97","-97","-96","-97","-97","-97","-97","-96","-96","-97","-97","-95","-96","-96","-96","-97","-96","-96","-97","-96","-96","-97","-97","-96","-97"
"-96","-97","-96","-96","-97","-97","-97","-96","-97","-96","-97","-96","-96","-98","-96","-96","-97","-96","-95","-97","-96","-96","-97","-96","-97","-97","-97","-97","-97","-97","-99","-97","-98","-98","-97","-98","-98","-97","-97","-98"
"-97","-98","-97","-97","-97","-97","-97","-98","-97","-97","-98","-97","-98","-98","-97","-98","-98","-97","-98","-98","-97","-99","-97","-98","-99","-97","-98","-98","-97","-98","-98","-97","-98","-97","-98","-98","-98","-98","-98","-99"
"-98","-98","-99","-99","-97","-98","-99","-98","-97","-98","-97","-97","-98","-97","-98","-97","-97","-96","-97","-98","-96","-96","-97","-96","-97","-98","-96","-98","-97","-96","-98","-97","-98","-98","-97","-97","-97","-97","-97","-97"
"-98","-97","-97","-98","-97","-98","-97","-97","-97","-96","-96","-97","-97","-96","-97","-96","-96","-96","-96","-97","-96","-95","-96","-95","-95","-97","-95","-96","-96","-96","-97","-97","-97","-98","-97","-99","-98","-97","-99","-99"
"-97","-99","-100","-99","-99","-99","-99","-99","-98","-98","-98","-97","-98","-97","-97","-98","-97","-97","-97","-95","-98","-97","-97","-98","-96","-96","-98","-96","-97","-98","-97","-97","-98","-96","-96","-97","-96","-94","-95","-96"
"-95","-93","-95","-95","-94","-93","-93","-92","-94","-91","-95","-90","-93","-90","-82","-80","-81","-76","-76","-74","-72","-72","-72","-68","-71","-67","-67","-91","-80","-84","-88","-90","-90","-95","-94","-97","-97","-95","-98","-96"
"-97","-97","-97","-98","-98","-98","-98","-99","-99","-99","-99","-99","-99","-99","-99","-99","-98","-99","-99","-98","-98","-99","-98","-99","-99","-99","-99","-99","-98","-99","-99","-99","-99","-97","-97","-99","-97","-97","-98","-98"
"-98","-98","-98","-98","-98","-98","-98","-99","-98","-99","-99","-98","-98","-98","-99","-98","-99","-97","-98","-98","-98","-98","-98","-98","-98","-99","-98","-98","-97","-98","-98","-97","-98","-98","-97","-98","-98","-97","-97","-97"
"-98","-97","-97","-98","-97","-97","-98","-97","-96","-98","-97","-97","-98","-97","-98","-98","-97","-98","-98","-98","-98","-98","-98","-97","-98","-97","-97","-97","-97","-97","-96","-97","-97","-96","-97","-97","-97","-98","-97","-96"
"-97","-97","-98","-97","-96","-98","-97","-96","-98","-97","-97","-97","-97","-97","-97","-97","-97","-97","-97","-98","-97","-98","-98","-98","-98","-97","-97","-97","-97","-97","-97","-97","-97","-97","-97","-97","-97","-97","-96","-96"
"-96","-96","-96","-96","-97","-96","-97","-95","-96","-96","-97","-95","-96","-97","-95","-96","-97","-95","-96","-97","-95","-96","-97","-96","-97","-97","-97","-99","-98","-97","-98","-97","-96","-97","-95","-97","-96","-95","-97","-96"
"-96","-98","-98","-97","-98","-98","-97","-97","-98","-97","-98","-97","-97","-98","-97","-96","-98","-97","-96","-98","-97","-97","-98","-97","-97","-97","-97","-97","-97","-96","-97","-96","-97","-97","-96","-96","-98","-96","-96","-98"
"-96","-96","-98","-96","-96","-97","-96","-97","-98","-96","-97","-97","-97","-97","-97","-96","-97","-96","-97","-98","-97","-97","-98","-98","-97","-97","-97","-97","-97","-97","-97","-97","-96","-97","-97","-96","-97","-96","-97","-97"
"-96","-96","-97","-97","-97","-96","-96","-97","-96","-96","-97","-95","-95","-97","-95","-95","-96","-95","-96","-97","-96","-96","-97","-95","-94","-96","-94","-96","-96","-96","-96","-96","-96","-96","-95","-96","-97","-95","-96","-96"
"-96","-97","-96","-95","-96","-96","-95","-96","-96","-95","-96","-96","-95","-96","-96","-95","-95","-96","-95","-95","-95","-96","-95","-94","-97","-95","-96","-96","-96","-96","-96","-96","-96","-96","-95","-96","-95","-96","-96","-96"
"-95","-95","-95","-95","-95","-95","-96","-95","-94","-96","-95","-94","-96","-94","-94","-96","-95","-94","-96","-94","-95","-95","-94","-95","-95","-94","-94","-94","-94","-95","-94","-95","-97","-96","-96","-96","-96","-95","-96","-95"
"-95","-96","-95","-95","-96","-94","-95","-96","-94","-94","-97","-94","-95","-97","-95","-96","-97","-96","-96","-95","-94","-95","-96","-94","-95","-95","-94","-94","-92","-90","-86","-82","-81","-78","-78","-76","-76","-77","-77","-79"
"-79","-77","-81","-84","-81","-90","-94","-95","-95","-95","-96","-96","-97","-99","-99","-98","-99","-98","-96","-95","-95","-95","-95","-94","-94","-95","-95","-95","-94","-93","-94","-94","-93","-95","-94","-93","-95","-95","-94","-95"
"-95","-94","-95","-94","-95","-94","-94","-95","-94","-94","-95","-93","-93","-95","-93","-93","-95","-94","-94","-95","-93","-94","-95","-94","-95","-94","-95","-95","-95","-95","-95","-95","-95","-97","-96","-95","-96","-96","-96","-96"
"-96","-95","-96","-96","-95","-97","-96","-95","-96","-96","-95","-96","-96","-95","-96","-96","-96","-96","-95","-96","-95","-95","-97","-96","-96","-97","-95","-96","-96","-94","-96","-96","-95","-96","-95","-95","-97","-95","-96","-96"
"-95","-97","-96","-96","-97","-96","-95","-96","-97","-96","-96","-96","-96","-96","-96","-96","-96","-95","-97","-96","-95","-97","-96","-96","-97","-97","-97","-99","-96","-95","-96","-87","-84","-85","-86","-82","-79","-78","-79","-68"
"-81","-80","-81","-85","-92","-92","-100","-99","-98","-99","-97","-97","-98","-96","-96","-97","-95","-95","-96","-95","-95","-96","-95","-96","-95","-95","-96","-96","-96","-96","-96","-97","-96","-96","-97","-96","-96","-97","-96","-97"
"-97","-97","-98","-98","-96","-98","-98","-97","-97","-98","-96","-99","-98","-96","-99","-99","-97","-99","-98","-97","-98","-97","-96","-97","-99","-98","-100","-100","-102","-106","-104","-105","-102","-102","-98","-98","-97","-96","-97","-97"
"-98","-100","-98","-98","-98","-97","-98","-98","-99","-97","-97","-97","-96","-96","-97","-96","-96","-97","-95","-94","-99","-95","-95","-96","-95","-95","-96","-92","-91","-90","-84","-79","-74","-47","-114","-58","-81","-85","-85","-87"
"-87","-85","-86","-89","-87","-90","-91","-90","-91","-93","-92","-91","-94","-92","-94","-92","-94","-94","-93","-95","-94","-94","-95","-95","-95","-95","-96","-98","-97","-97","-98","-96","-97","-98","-97","-100","-100","-100","-104","-103"
"-102","-103","-99","-94","-91","-87","-79","-85","-85","-84","-87","-86","-94","-97","-97","-100","-102","-103","-104","-105","-106","-106","-107","-106","-108","-106","-107","-107","-107","-108","-106","-108","-106","-108","-107","-108","-108","-109","-107","-109"
"-107","-107","-106","-107","-106","-106","-106","-104","-106","-103","-105","-103","-105","-103","-103","-104","-104","-105","-105","-108","-106","-109","-109","-108","-105","-105","-105","-104","-105","-105","-107","-105","-105","-104","-105","-104","-104","-105","-104","-106"
"-104","-106","-104","-106","-104","-105","-104","-104","-105","-103","-104","-103","-105","-104","-105","-104","-107","-106","-106","-106","-103","-105","-102","-104","-93","-92","-87","-64","-87","-89","-72","-74","-77","-72","-73","-74","-72","-74","-73","-73"
"-73","-74","-73","-76","-72","-73","-72","-72","-72","-71","-71","-72","-71","-71","-71","-72","-72","-70","-70","-70","-70","-73","-71","-71","-72","-72","-72","-73","-72","-74","-72","-69","-76","-76","-70","-67","-64","-73","-72","-76"
"-74","-70","-77","-78","-79","-87","-83","-81","-83","-80","-80","-78","-78","-78","-79","-81","-78","-78","-79","-78","-80","-74","-88","-90","-88","-92","-93","-104","-99","-103","-102","-102","-100","-102","-100","-98","-99","-101","-98","-100"
"-99","-100","-99","-99","-99","-99","-100","-99","-98","-99","-99","-98","-99","-99","-98","-100","-100","-99","-100","-98","-101","-101","-101","-100","-101","-100","-100","-100","-98","-100","-99","-98","-99","-98","-100","-100","-100","-101","-99","-100"
"-99","-98","-99","-99","-97","-100","-99","-98","-100","-99","-99","-100","-100","-101","-99","-100","-100","-98","-99","-99","-97","-99","-98","-98","-98","-98","-98","-98","-98","-99","-99","-97","-100","-99","-100","-100","-98","-100","-99","-98"
"-99","-99","-100","-99","-98","-99","-98","-100","-99","-99","-99","-99","-100","-99","-98","-99","-99","-99","-99","-99","-98","-100","-97","-100","-98","-100","-99","-99","-100","-99","-100","-99","-99","-99","-99","-99","-98","-99","-96","-94"
"-95","-88","-86","-87","-85","-100","-74","-97","-87","-89","-89","-91","-92","-96","-97","-96","-96","-95","-97","-96","-95","-98","-95","-93","-95","-92","-93","-94","-92","-90","-92","-82","-79","-77","-73","-75","-77","-89","-73","-71"
"-73","-79","-72","-68","-70","-83","-85","-81","-83","-92","-89","-92","-95","-94","-94","-82","-78","-139","-85","-88","-93","-95","-98","-98","-98","-99","-98","-97","-99","-98","-96","-96","-97","-97","-97","-98","-96","-95","-96","-96"
"-94","-93","-93","-91","-90","-90","-89","-87","-89","-89","-89","-90","-93","-93","-95","-94","-94","-95","-95","-95","-96","-95","-95","-97","-96","-95","-96","-95","-95","-97","-94","-94","-97","-94","-94","-95","-93","-94","-95","-94"
"-95","-95","-93","-95","-96","-95","-96","-95","-94","-95","-96","-95","-94","-95","-99","-102","-103","-102","-104","-106","-103","-103","-102","-101","-103","-103","-105","-107","-107","-106","-105","-105","-105","-106","-105","-106","-105","-106","-106","-108"
"-107","-108","-109","-108","-108","-107","-108","-107","-107","-106","-107","-106","-108","-107","-108","-108","-108","-108","-108","-110","-107","-108","-106","-107","-105","-106","-106","-107","-108","-107","-109","-107","-108","-106","-107","-105","-106","-106","-105","-104"
"-104","-104","-104","-104","-103","-105","-104","-105","-104","-105","-105","-107","-106","-106","-106","-104","-105","-104","-106","-105","-106","-105","-106","-105","-105","-106","-105","-106","-104","-106","-105","-106","-105","-106","-105","-105","-105","-105","-106","-103"
"-104","-101","-102","-101","-103","-103","-102","-103","-103","-104","-103","-105","-105","-105","-105","-105","-106","-104","-106","-105","-106","-104","-106","-104","-105","-105","-104","-106","-104","-105","-104","-105","-104","-105","-104","-104","-105","-104","-105","-103"
"-104","-102","-103","-103","-105","-105","-104","-105","-104","-105","-103","-104","-103","-105","-104","-105","-105","-105","-105","-104","-105","-104","-106","-103","-105","-104","-105","-105","-104","-105","-105","-106","-105","-106","-104","-106","-105","-106","-105","-105"
"-107","-105","-106","-104","-106","-104","-105","-105","-106","-106","-105","-106","-105","-105","-105","-106","-105","-105","-105","-105","-106","-105","-106","-105","-106","-105","-106","-105","-105","-104","-105","-105","-105","-105","-104","-105","-103","-105","-104","-106"
"-105","-105","-105","-104","-106","-104","-106","-104","-106","-106","-106","-106","-107","-106","-104","-106","-103","-105","-102","-101","-100","-102","-102","-101","-103","-103","-104","-102","-103","-103","-104","-104","-103","-104","-103","-104","-103","-104","-103","-103"
"-102","-102","-102","-101","-102","-101","-102","-101","-103","-102","-102","-102","-104","-103","-103","-103","-102","-104","-102","-103","-102","-102","-102","-101","-102","-102","-102","-102","-102","-101","-102","-102","-102","-104","-103","-105","-103","-105","-103","-104"
"-104","-104","-105","-104","-105","-104","-105","-103","-104","-102","-104","-103","-103","-103","-103","-104","-103","-104","-103","-103","-102","-103","-104","-103","-104","-102","-103","-102","-104","-103","-104","-103","-104","-104","-104","-104","-103","-104","-102","-103"
"-102","-103","-103","-103","-104","-102","-104","-101","-102","-101","-103","-102","-102","-103","-102","-103","-102","-104","-102","-104","-103","-103","-103","-104","-104","-102","-103","-102","-104","-102","-105","-104","-102","-95","-93","-88","-77","-73","-79","-87"
"-89","-88","-91","-90","-59","-91","-91","-92","-88","-91","-90","-89","-90","-84","-87","-93","-89","-87","-86","-90","-90","-88","-89","-87","-88","-88","-88","-88","-95","-84","-85","-85","-84","-85","-85","-85","-86","-87","-86","-87"
"-87","-87","-87","-86","-87","-86","-85","-87","-85","-84","-87","-84","-85","-87","-84","-85","-87","-84","-85","-86","-85","-85","-87","-86","-88","-87","-86","-87","-87","-88","-87","-88","-88","-89","-89","-92","-91","-92","-93","-95"
"-96","-96","-93","-92","-89","-88","-88","-87","-86","-85","-86","-86","-85","-87","-88","-86","-88","-89","-85","-87","-85","-84","-86","-84","-81","-83","-85","-84","-85","-85","-85","-85","-84","-83","-85","-85","-85","-85","-84","-84"
"-85","-81","-83","-83","-83","-85","-84","-81","-83","-86","-83","-85","-85","-85","-86","-85","-84","-87","-85","-85","-86","-86","-86","-87","-85","-87","-86","-87","-86","-86","-85","-85","-85","-85","-86","-84","-86","-86","-85","-86"
"-86","-84","-86","-86","-85","-85","-86","-85","-86","-86","-86","-85","-85","-86","-85","-84","-86","-84","-83","-86","-84","-84","-85","-85","-85","-86","-85","-84","-85","-84","-85","-85","-84","-85","-84","-85","-86","-85","-85","-86"
"-86","-85","-85","-85","-85","-85","-83","-85","-84","-83","-84","-85","-84","-85","-85","-84","-86","-86","-85","-85","-85","-86","-85","-84","-85","-86","-86","-86","-85","-86","-85","-84","-86","-84","-83","-85","-84","-84","-87","-85"
"-85","-86","-85","-85","-86","-85","-86","-86","-85","-86","-84","-84","-84","-84","-85","-85","-85","-86","-85","-84","-85","-84","-85","-85","-85","-85","-87","-86","-85","-86","-86","-84","-84","-83","-82","-85","-84","-83","-84","-84"
"-83","-84","-83","-83","-83","-83","-84","-83","-83","-84","-84","-83","-85","-84","-83","-85","-84","-83","-85","-84","-84","-85","-84","-84","-85","-84","-84","-85","-85","-85","-85","-84","-87","-86","-85","-85","-85","-84","-86","-86"
"-85","-85","-84","-85","-85","-84","-85","-85","-84","-86","-84","-82","-84","-85","-83","-86","-84","-83","-85","-84","-84","-84","-84","-84","-84","-84","-85","-85","-84","-86","-84","-84","-86","-84","-84","-86","-84","-84","-86","-84"
"-85","-87","-84","-85","-86","-85","-86","-86","-86","-85","-84","-86","-86","-86","-87","-86","-86","-86","-87","-86","-87","-88","-87","-88","-88","-87","-87","-87","-86","-86","-85","-86","-86","-86","-87","-86","-85","-86","-84","-84"
"-85","-83","-83","-84","-83","-83","-83","-83","-84","-84","-84","-84","-83","-85","-84","-83","-86","-85","-84","-85","-85","-84","-85","-84","-82","-85","-85","-85","-85","-85","-86","-85","-84","-85","-85","-85","-88","-84","-84","-87"
"-85","-84","-86","-84","-84","-86","-84","-85","-85","-85","-86","-86","-85","-86","-85","-85","-86","-84","-85","-85","-84","-83","-83","-83","-83","-83","-82","-84","-84","-83","-84","-84","-84","-85","-84","-84","-86","-85","-85","-85"
"-85","-85","-85","-85","-86","-87","-86","-87","-87","-86","-87","-85","-84","-86","-84","-83","-86","-83","-83","-85","-83","-83","-85","-84","-84","-85","-84","-85","-86","-86","-86","-87","-86","-86","-87","-86","-87","-86","-85","-86"
"-86","-83","-82","-83","-79","-63","-69","-94","-82","-91","-98","-98","-99","-98","-98","-104","-105","-106","-100","-100","-97","-100","-100","-99","-102","-103","-103","-103","-102","-103","-100","-102","-100","-101","-100","-101","-101","-101","-102","-101"
"-102","-101","-103","-101","-103","-102","-103","-103","-103","-104","-101","-104","-101","-104","-102","-102","-102","-102","-102","-101","-102","-100","-102","-100","-103","-100","-102","-100","-101","-102","-101","-102","-101","-102","-100","-102","-101","-101","-102","-102"
"-102","-101","-101","-100","-102","-99","-102","-101","-101","-100","-101","-100","-102","-102","-101","-102","-100","-102","-100","-101","-100","-101","-101","-102","-102","-100","-102","-100","-101","-98","-100","-99","-101","-100","-102","-100","-101","-100","-100","-101"
"-100","-101","-100","-101","-100","-101","-100","-102","-100","-101","-100","-101","-100","-101","-101","-101","-102","-100","-101","-99","-101","-99","-101","-99","-101","-102","-103","-103","-103","-104","-102","-105","-103","-104","-104","-104","-104","-103","-103","-103"
"-103","-101","-102","-101","-101","-100","-100","-100","-102","-101","-101","-102","-101","-101","-100","-102","-101","-101","-101","-102","-102","-101","-102","-100","-102","-100","-102","-102","-102","-103","-102","-103","-101","-102","-100","-102","-100","-102","-101","-101"
"-102","-100","-101","-100","-101","-100","-101","-101","-100","-102","-100","-102","-99","-101","-100","-102","-101","-102","-102","-101","-102","-100","-101","-98","-100","-99","-100","-100","-101","-101","-100","-101","-100","-101","-99","-102","-99","-101","-100","-101"
"-101","-101","-102","-100","-104","-100","-102","-101","-102","-102","-102","-103","-101","-102","-100","-102","-100","-102","-101","-101","-102","-101","-103","-101","-102","-99","-103","-100","-101","-100","-101","-100","-100","-101","-101","-102","-100","-101","-100","-102"
"-100","-102","-101","-102","-101","-102","-101","-101","-102","-99","-101","-99","-101","-99","-101","-99","-101","-100","-101","-100","-101","-101","-101","-102","-101","-102","-101","-102","-100","-102","-100","-102","-100","-102","-101","-101","-102","-101","-103","-101"
"-102","-100","-101","-101","-102","-101","-101","-102","-102","-102","-101","-102","-101","-102","-100","-101","-101","-102","-101","-101","-102","-102","-102","-101","-102","-101","-102","-100","-101","-101","-101","-101","-101","-101","-100","-102","-101","-103","-101","-103"
"-101","-101","-102","-101","-102","-101","-102","-100","-102","-100","-103","-101","-101","-103","-101","-103","-100","-102","-100","-102","-100","-101","-101","-101","-102","-102","-102","-101","-103","-101","-103","-101","-102","-101","-102","-102","-102","-102","-101","-103"
"-99","-102","-100","-102","-101","-102","-101","-102","-102","-101","-102","-99","-102","-101","-103","-101","-102","-101","-102","-103","-102","-103","-101","-101","-100","-87","-84","-79","-90","-81","-77","-74","-79","-76","-67","-63","-77","-60","-61","-65"
"-81","-94","-82","-83","-90","-97","-98","-95","-93","-92","-86","-82","-84","-80","-88","-80","-100","-91","-92","-95","-96","-96","-97","-86","-86","-92","-97","-96","-97","-98","-97","-99","-99","-98","-99","-98","-96","-97","-94","-94"
"-96","-95","-96","-98","-96","-98","-98","-97","-97","-97","-95","-97","-98","-98","-99","-98","-98","-98","-99","-100","-99","-98","-100","-98","-100","-100","-100","-100","-100","-100","-99","-100","-99","-100","-100","-99","-98","-107","-98","-96"
"-98","-96","-94","-95","-98","-95","-96","-95","-93","-96","-95","-95","-97","-97","-96","-97","-96","-96","-97","-96","-96","-96","-95","-96","-95","-94","-96","-94","-94","-96","-95","-95","-97","-96","-99","-100","-97","-96","-96","-94"
"-93","-92","-92","-92","-92","-93","-95","-94","-95","-94","-94","-96","-94","-94","-94","-92","-92","-93","-92","-92","-94","-92","-93","-93","-93","-94","-94","-96","-98","-97","-98","-99","-99","-99","-98","-98","-98","-98","-97","-98"
"-97","-96","-97","-96","-96","-96","-97","-96","-96","-97","-97","-97","-97","-97","-96","-96","-98","-95","-94","-97","-94","-94","-96","-94","-94","-96","-95","-95","-95","-96","-96","-96","-97","-98","-98","-97","-97","-97","-97","-96"
"-95","-97","-97","-96","-97","-97","-96","-98","-98","-97","-98","-98","-97","-97","-98","-96","-97","-96","-96","-77","-110","-102","-82","-73","-99","-79","-77","-89","-83","-86","-92","-100","-100","-99","-100","-100","-100","-99","-100","-100"
"-99","-100","-100","-99","-99","-99","-98","-99","-99","-99","-99","-99","-100","-99","-100","-99","-99","-99","-99","-98","-99","-99","-98","-99","-99","-98","-99","-98","-97","-99","-99","-99","-99","-98","-98","-98","-99","-99","-98","-99"
"-98","-98","-99","-98","-98","-98","-98","-97","-99","-98","-97","-98","-98","-97","-98","-98","-98","-98","-98","-99","-98","-96","-98","-96","-96","-98","-96","-96","-98","-98","-97","-98","-98","-99","-99","-99","-101","-100","-100","-99"
"-100","-101","-101","-102","-100","-101","-99","-101","-99","-100","-99","-99","-99","-99","-99","-98","-100","-99","-100","-100","-99","-100","-98","-98","-100","-99","-99","-99","-99","-100","-99","-99","-98","-99","-99","-100","-99","-99","-100","-98"
"-98","-100","-97","-98","-99","-98","-99","-100","-99","-100","-100","-100","-99","-98","-99","-100","-99","-99","-97","-98","-101","-98","-99","-99","-99","-99","-99","-100","-100","-101","-100","-100","-101","-98","-97","-100","-97","-97","-99","-99"
"-97","-99","-96","-97","-98","-97","-97","-98","-97","-97","-98","-98","-97","-98","-98","-98","-98","-98","-98","-98","-98","-99","-98","-98","-99","-98","-99","-99","-99","-99","-99","-98","-99","-99","-98","-99","-100","-98","-99","-97"
"-97","-99","-98","-98","-100","-97","-97","-99","-97","-97","-99","-97","-97","-98","-97","-98","-99","-97","-98","-98","-97","-99","-98","-98","-99","-99","-98","-100","-98","-99","-100","-98","-99","-99","-99","-99","-98","-98","-98","-96"
"-95","-94","-90","-88","-94","-86","-76","-75","-69","-65","-64","-98","-72","-83","-92","-96","-98","-98","-100","-100","-97","-98","-99","-97","-98","-98","-98","-98","-98","-99","-98","-98","-98","-98","-98","-98","-98","-97","-98","-97"
"-97","-98","-98","-97","-98","-97","-97","-98","-98","-96","-98","-98","-97","-97","-97","-96","-97","-97","-98","-97","-97","-98","-97","-97","-99","-97","-97","-99","-97","-97","-99","-97","-97","-99","-97","-97","-99","-97","-97","-98"
"-97","-97","-97","-97","-97","-97","-97","-97","-97","-97","-97","-97","-97","-97","-97","-98","-97","-96","-97","-98","-97","-98","-97","-97","-98","-98","-97","-98","-98","-99","-98","-98","-99","-98","-97","-99","-97","-97","-99","-97"
"-98","-99","-97","-98","-98","-97","-98","-98","-98","-98","-97","-98","-98","-97","-98","-97","-96","-97","-97","-96","-97","-97","-96","-96","-96","-96","-97","-97","-97","-98","-98","-98","-98","-97","-98","-96","-96","-98","-96","-96"
"-98","-96","-96","-98","-96","-97","-98","-96","-97","-97","-97","-97","-97","-97","-97","-97","-97","-98","-97","-98","-98","-97","-97","-97","-98","-98","-97","-97","-98","-98","-97","-98","-98","-97","-98","-97","-96","-97","-96","-97"
"-97","-97","-97","-97","-96","-96","-96","-96","-96","-96","-96","-97","-96","-95","-98","-96","-96","-97","-95","-96","-97","-96","-95","-97","-95","-96","-97","-96","-97","-98","-96","-97","-97","-96","-97","-97","-96","-98","-97","-97"
"-97","-97","-98","-96","-97","-97","-97","-96","-97","-97","-95","-97","-96","-96","-97","-95","-95","-97","-95","-96","-97","-95","-95","-96","-96","-97","-97","-96","-96","-97","-97","-98","-97","-97","-96","-96","-97","-97","-97","-96"
"-97","-96","-97","-97","-95","-97","-96","-96","-97","-96","-95","-96","-96","-95","-96","-96","-95","-96","-96","-96","-95","-95","-96","-96","-95","-96","-95","-95","-97","-95","-95","-97","-95","-96","-97","-96","-96","-96","-97","-96"
"-97","-96","-97","-97","-96","-97","-97","-98","-97","-97","-97","-97","-97","-97","-95","-95","-97","-97","-97","-97","-96","-97","-96","-95","-96","-95","-94","-94","-93","-92","-91","-89","-89","-84","-78","-77","-73","-73","-76","-73"
"-79","-77","-70","-71","-70","-71","-72","-74","-76","-73","-82","-93","-95","-98","-94","-96","-96","-96","-98","-98","-98","-97","-98","-98","-96","-97","-97","-97","-97","-97","-97","-96","-97","-97","-96","-96","-97","-95","-97","-96"
"-96","-98","-97","-97","-99","-101","-102","-104","-107","-104","-103","-100","-96","-90","-88","-86","-89","-83","-86","-87","-93","-94","-98","-98","-97","-98","-98","-97","-100","-99","-100","-101","-99","-98","-98","-98","-97","-97","-96","-97"
"-97","-96","-96","-97","-96","-96","-96","-96","-96","-96","-97","-96","-95","-97","-95","-95","-96","-95","-95","-95","-95","-95","-97","-96","-95","-97","-95","-96","-97","-95","-96","-97","-95","-97","-97","-95","-96","-96","-96","-96"
"-96","-95","-96","-94","-92","-91","-89","-90","-90","-89","-91","-92","-91","-92","-92","-91","-93","-94","-93","-95","-96","-94","-96","-96","-97","-97","-97","-95","-95","-96","-95","-95","-95","-94","-95","-93","-95","-94","-93","-95"
"-93","-93","-95","-94","-95","-94","-94","-94","-95","-94","-95","-94","-94","-95","-94","-94","-79","-80","-80","-80","-81","-75","-74","-70","-72","-69","-72","-70","-73","-72","-76","-77","-78","-79","-77","-79","-77","-79","-78","-79"
"-77","-77","-72","-73","-71","-73","-71","-71","-72","-71","-73","-71","-78","-77","-78","-77","-79","-78","-80","-80","-79","-79","-78","-75","-75","-73","-74","-73","-73","-73","-73","-74","-76","-79","-77","-79","-78","-80","-80","-78"
"-80","-80","-79","-80","-80","-78","-80","-80","-79","-79","-77","-78","-73","-72","-66","-65","-64","-63","-65","-65","-75","-77","-78","-82","-82","-80","-81","-81","-80","-80","-80","-78","-78","-75","-77","-76","-80","-80","-80","-80"
"-80","-81","-81","-81","-80","-81","-82","-80","-81","-81","-80","-80","-80","-79","-79","-78","-78","-78","-79","-78","-80","-79","-79","-80","-80","-80","-80","-81","-81","-80","-80","-80","-80","-78","-79","-78","-79","-80","-79","-81"
"-81","-83","-82","-86","-85","-85","-85","-86","-86","-87","-86","-86","-89","-86","-85","-87","-84","-84","-85","-83","-84","-84","-82","-83","-82","-82","-84","-82","-84","-84","-84","-85","-85","-84","-86","-85","-85","-85","-85","-83"
"-83","-83","-83","-83","-83","-83","-83","-83","-84","-83","-84","-85","-84","-86","-85","-84","-85","-84","-82","-83","-83","-82","-82","-83","-82","-83","-83","-84","-85","-85","-86","-86","-85","-86","-86","-86","-86","-85","-85","-85"
"-85","-84","-84","-83","-84","-84","-83","-84","-84","-83","-85","-85","-83","-85","-85","-84","-85","-85","-84","-85","-84","-83","-84","-84","-83","-84","-84","-85","-85","-84","-85","-84","-84","-85","-85","-86","-87","-85","-86","-86"
"-86","-86","-85","-85","-85","-85","-84","-85","-84","-84","-84","-84","-83","-84","-84","-83","-84","-83","-83","-84","-83","-84","-85","-84","-84","-85","-84","-85","-85","-84","-85","-85","-84","-85","-85","-84","-85","-85","-84","-85"
"-85","-85","-85","-85","-86","-86","-86","-87","-87","-87","-87","-87","-86","-87","-88","-89","-94","-94","-93","-95","-93","-94","-92","-93","-92","-91","-91","-90","-90","-88","-90","-89","-89","-90","-89","-89","-89","-89","-88","-89"
"-88","-87","-87","-86","-86","-85","-86","-86","-85","-86","-86","-86","-86","-85","-85","-87","-86","-87","-87","-86","-87","-87","-86","-87","-86","-85","-85","-84","-85","-85","-85","-85","-85","-85","-84","-85","-84","-85","-83","-85"
"-83","-85","-84","-84","-85","-84","-85","-87","-85","-86","-87","-85","-85","-85","-84","-86","-86","-85","-85","-85","-86","-86","-85","-86","-87","-85","-86","-86","-85","-86","-86","-85","-85","-86","-84","-86","-85","-85","-86","-85"
"-86","-85","-85","-85","-85","-85","-86","-85","-86","-86","-85","-86","-85","-86","-85","-85","-86","-85","-84","-86","-86","-85","-86","-86","-85","-86","-86","-87","-86","-87","-86","-86","-84","-85","-85","-83","-84","-84","-85","-85"
"-85","-87","-86","-87","-88","-87","-88","-86","-86","-88","-86","-87","-86","-85","-86","-85","-86","-87","-85","-86","-87","-86","-87","-87","-87","-86","-86","-86","-86","-85","-86","-85","-85","-87","-85","-85","-87","-86","-87","-88"
"-88","-93","-84","-90","-91","-89","-97","-96","-93","-94","-91","-92","-92","-91","-92","-91","-92","-91","-90","-91","-90","-90","-91","-89","-91","-89","-91","-89","-90","-88","-90","-90","-89","-89","-88","-89","-89","-87","-88","-88"
"-88","-88","-87","-85","-86","-84","-86","-86","-85","-86","-86","-85","-86","-85","-86","-87","-85","-86","-86","-85","-85","-86","-85","-87","-86","-87","-87","-87","-88","-88","-88","-88","-88","-87","-87","-86","-86","-86","-86","-85"
"-86","-85","-85","-86","-86","-85","-86","-85","-85","-87","-86","-87","-87","-86","-88","-85","-84","-86","-84","-84","-86","-84","-85","-87","-85","-86","-86","-85","-87","-87","-85","-87","-87","-86","-87","-85","-86","-87","-84","-86"
"-86","-85","-87","-86","-85","-87","-86","-86","-87","-87","-86","-87","-87","-88","-87","-87","-87","-87","-88","-87","-86","-86","-85","-87","-86","-85","-88","-86","-88","-88","-86","-88","-85","-86","-88","-86","-88","-86","-87","-85"
"-87","-85","-86","-87","-85","-87","-87","-85","-87","-86","-87","-88","-86","-88","-88","-89","-89","-89","-88","-89","-89","-88","-89","-87","-89","-86","-86","-88","-86","-87","-87","-85","-87","-86","-87","-86","-88","-88","-86","-88"
"-87","-88","-87","-88","-88","-88","-87","-87","-88","-88","-87","-88","-86","-88","-87","-87","-88","-87","-87","-86","-88","-86","-88","-85","-87","-82","-76","-74","-73","-71","-68","-67","-68","-70","-65","-65","-64","-65","-64","-65"
"-65","-65","-66","-65","-65","-66","-66","-65","-66","-65","-66","-66","-65","-63","-63","-64","-62","-64","-65","-64","-65","-64","-64","-66","-64","-65","-65","-65","-66","-67","-67","-66","-66","-66","-65","-65","-63","-64","-66","-63"
"-64","-65","-64","-65","-65","-66","-67","-66","-66","-65","-65","-67","-65","-66","-66","-65","-66","-65","-66","-66","-65","-67","-65","-68","-73","-73","-77","-80","-87","-85","-86","-86","-88","-86","-88","-86","-86","-86","-86","-86"
"-86","-85","-86","-87","-87","-86","-86","-87","-87","-86","-87","-86","-87","-86","-87","-86","-88","-85","-86","-85","-86","-86","-85","-86","-85","-86","-84","-86","-84","-86","-84","-85","-84","-85","-83","-85","-83","-84","-85","-85"
"-85","-85","-86","-85","-85","-86","-86","-86","-86","-86","-86","-86","-85","-86","-85","-85","-85","-86","-85","-86","-86","-85","-87","-85","-87","-87","-85","-87","-86","-87","-87","-86","-87","-85","-87","-85","-86","-85","-86","-86"
"-87","-85","-87","-86","-86","-85","-88","-85","-87","-86","-86","-85","-86","-85","-86","-84","-85","-84","-85","-84","-86","-85","-86","-85","-84","-87","-85","-87","-85","-86","-85","-86","-86","-86","-86","-85","-86","-86","-87","-87"
"-87","-87","-88","-88","-86","-88","-86","-88","-86","-87","-85","-87","-85","-86","-84","-85","-87","-84","-86","-84","-86","-85","-84","-86","-84","-86","-85","-86","-84","-86","-86","-86","-86","-86","-85","-86","-86","-86","-86","-88"
"-88","-86","-88","-86","-88","-86","-87","-86","-86","-86","-84","-86","-85","-86","-85","-86","-85","-86","-85","-87","-85","-87","-86","-87","-87","-87","-86","-86","-85","-84","-84","-84","-85","-85","-84","-85","-84","-86","-85","-86"
"-85","-87","-84","-86","-86","-85","-87","-85","-85","-84","-85","-85","-86","-85","-85","-86","-86","-86","-87","-86","-88","-86","-87","-86","-87","-85","-86","-84","-86","-84","-86","-85","-85","-86","-86","-86","-86","-86","-86","-85"
"-85","-85","-85","-85","-83","-85","-84","-84","-86","-84","-87","-85","-88","-87","-86","-88","-87","-89","-89","-89","-89","-88","-88","-89","-89","-88","-88","-87","-86","-88","-86","-88","-88","-87","-88","-87","-89","-89","-88","-88"
"-88","-88","-87","-86","-85","-85","-87","-86","-88","-87","-86","-88","-86","-87","-88","-86","-88","-87","-88","-86","-88","-87","-87","-87","-87","-87","-87","-86","-88","-88","-87","-88","-87","-89","-87","-89","-88","-86","-88","-86"
"-88","-86","-87","-85","-87","-86","-86","-87","-87","-87","-87","-87","-87","-87","-87","-86","-88","-85","-86","-84","-86","-85","-86","-87","-85","-86","-86","-86","-87","-86","-87","-87","-87","-86","-84","-85","-84","-86","-85","-85"
"-86","-86","-86","-85","-84","-87","-86","-86","-88","-86","-88","-87","-87","-87","-86","-88","-86","-80","-80","-80","-81","-81","-81","-80","-82","-81","-82","-81","-80","-81","-80","-80","-81","-80","-80","-81","-82","-81","-80","-79"
"-80","-74","-75","-76","-75","-75","-77","-76","-77","-78","-74","-75","-77","-73","-75","-73","-75","-77","-80","-78","-80","-78","-81","-79","-82","-80","-84","-86","-89","-90","-90","-91","-91","-93","-92","-91","-93","-92","-87","-84"
"-84","-87","-85","-87","-87","-88","-85","-86","-87","-87","-89","-87","-85","-84","-85","-84","-85","-84","-86","-85","-87","-85","-87","-85","-87","-86","-87","-86","-85","-84","-84","-85","-85","-86","-85","-86","-85","-86","-86","-88"
"-86","-88","-87","-89","-88","-89","-87","-84","-85","-84","-86","-84","-86","-84","-86","-86","-88","-87","-87","-86","-86","-86","-85","-86","-84","-85","-83","-84","-82","-84","-83","-84","-81","-77","-69","-67","-59","-59","-57","-56"
"-61","-57","-57","-65","-72","-76","-76","-81","-82","-83","-81","-82","-81","-82","-81","-83","-82","-84","-82","-84","-82","-84","-82","-84","-83","-84","-84","-85","-85","-83","-86","-85","-86","-84","-86","-84","-85","-84","-86","-84"
"-86","-85","-85","-83","-85","-83","-84","-84","-85","-85","-85","-86","-84","-84","-83","-83","-82","-83","-81","-82","-82","-83","-83","-83","-84","-83","-84","-82","-84","-82","-84","-82","-84","-83","-83","-82","-82","-82","-82","-83"
"-81","-83","-81","-83","-82","-84","-82","-84","-83","-84","-83","-83","-83","-84","-84","-83","-83","-81","-83","-81","-82","-81","-82","-82","-83","-81","-83","-82","-82","-84","-82","-83","-83","-84","-83","-84","-83","-84","-83","-82"
"-83","-81","-82","-80","-83","-81","-82","-82","-83","-83","-84","-84","-83","-84","-83","-84","-82","-83","-81","-82","-81","-84","-83","-83","-84","-83","-85","-84","-85","-84","-85","-85","-84","-83","-84","-84","-84","-85","-83","-83"
"-81","-83","-80","-82","-80","-82","-82","-83","-82","-83","-82","-83","-84","-84","-84","-83","-84","-83","-84","-83","-84","-83","-84","-84","-84","-83","-83","-83","-83","-84","-82","-84","-82","-84","-82","-84","-82","-84","-83","-84"
"-84","-84","-84","-84","-85","-83","-85","-85","-85","-85","-86","-84","-85","-85","-86","-85","-85","-84","-82","-82","-83","-84","-83","-84","-83","-84","-82","-85","-82","-84","-82","-84","-82","-84","-82","-84","-83","-84","-84","-81"
"-80","-79","-79","-78","-80","-80","-81","-80","-81","-80","-82","-80","-82","-81","-82","-82","-81","-81","-80","-81","-79","-81","-79","-82","-80","-82","-81","-82","-82","-84","-84","-83","-84","-83","-84","-82","-83","-81","-82","-81"
"-82","-81","-82","-81","-83","-82","-83","-83","-82","-84","-82","-83","-81","-82","-80","-81","-79","-82","-80","-82","-81","-82","-82","-82","-83","-82","-83","-82","-83","-81","-83","-81","-83","-82","-83","-82","-83","-83","-84","-84"
"-85","-84","-83","-84","-82","-84","-82","-84","-83","-83","-82","-82","-81","-82","-81","-82","-82","-82","-82","-82","-83","-81","-83","-82","-83","-81","-83","-82","-83","-81","-82","-80","-81","-81","-82","-82","-81","-83","-82","-84"
"-83","-84","-82","-85","-83","-84","-83","-84","-83","-84","-83","-83","-83","-82","-82","-81","-82","-81","-82","-80","-82","-80","-82","-80","-83","-81","-83","-81","-83","-82","-83","-83","-84","-85","-83","-85","-83","-85","-83","-82"
"-80","-84","-80","-77","-72","-71","-67","-65","-65","-69","-65","-64","-65","-64","-65","-64","-64","-60","-61","-59","-60","-58","-60","-58","-60","-60","-62","-62","-62","-63","-61","-63","-62","-64","-64","-63","-63","-61","-62","-61"
"-61","-60","-61","-60","-63","-62","-64","-62","-64","-62","-63","-63","-64","-64","-63","-63","-62","-63","-60","-62","-59","-61","-59","-61","-61","-62","-62","-63","-63","-62","-63","-62","-64","-62","-64","-61","-63","-62","-63","-62"
"-63","-62","-62","-61","-62","-62","-62","-63","-62","-63","-61","-63","-61","-63","-61","-61","-64","-63","-64","-66","-66","-69","-71","-84","-83","-84","-84","-85","-84","-85","-82","-80","-75","-76","-67","-66","-56","-62","-61","-61"
"-64","-65","-71","-81","-81","-84","-85","-85","-85","-84","-85","-85","-83","-84","-83","-84","-82","-83","-80","-83","-80","-83","-81","-83","-83","-84","-84","-85","-85","-84","-86","-84","-85","-84","-85","-83","-85","-83","-83","-83"
"-84","-84","-84","-84","-84","-85","-84","-85","-83","-85","-84","-85","-84","-85","-83","-83","-83","-82","-82","-79","-80","-77","-78","-76","-77","-74","-81","-82","-89","-88","-88","-87","-89","-87","-88","-87","-88","-87","-87","-87"
"-85","-86","-85","-86","-84","-86","-85","-86","-86","-86","-85","-86","-85","-87","-87","-87","-87","-86","-87","-85","-86","-85","-85","-84","-85","-84","-85","-85","-86","-86","-85","-86","-85","-86","-84","-85","-84","-86","-84","-85"
"-86","-85","-86","-84","-85","-84","-85","-83","-85","-84","-85","-85","-85","-85","-84","-85","-84","-86","-85","-86","-86","-86","-86","-85","-86","-85","-86","-84","-86","-84","-84","-84","-84","-83","-84","-83","-84","-84","-84","-83"
"-84","-84","-84","-85","-83","-84","-84","-85","-84","-85","-84","-85","-84","-85","-85","-85","-85","-84","-85","-83","-84","-83","-84","-82","-85","-84","-85","-84","-85","-84","-85","-85","-85","-86","-84","-86","-84","-86","-84","-85"
"-84","-85","-84","-85","-84","-84","-84","-85","-85","-84","-85","-84","-85","-84","-85","-84","-85","-86","-85","-86","-85","-85","-84","-85","-83","-84","-83","-84","-83","-84","-83","-85","-84","-85","-85","-84","-85","-83","-84","-83"
"-84","-83","-84","-83","-84","-83","-84","-83","-83","-83","-83","-84","-84","-84","-83","-85","-83","-85","-83","-84","-83","-85","-83","-85","-84","-84","-84","-83","-84","-83","-84","-83","-84","-82","-84","-83","-84","-83","-85","-83"
"-85","-84","-84","-85","-84","-85","-84","-84","-83","-84","-82","-85","-83","-84","-82","-84","-83","-84","-84","-85","-84","-85","-86","-84","-85","-84","-86","-84","-85","-83","-85","-83","-85","-83","-85","-84","-86","-84","-86","-85"
"-86","-85","-86","-86","-85","-86","-83","-85","-83","-84","-82","-83","-82","-83","-82","-84","-83","-84","-83","-84","-84","-84","-84","-84","-84","-83","-84","-83","-84","-82","-83","-82","-83","-82","-84","-82","-83","-83","-84","-84"
"-85","-85","-85","-86","-85","-86","-84","-86","-83","-85","-83","-85","-83","-84","-83","-84","-83","-84","-83","-84","-84","-85","-84","-85","-85","-85","-85","-83","-85","-83","-83","-82","-84","-82","-83","-82","-83","-82","-83","-82"
"-85","-83","-84","-84","-85","-85","-85","-85","-84","-85","-84","-85","-84","-85","-84","-86","-85","-85","-84","-84","-84","-84","-84","-84","-84","-84","-85","-85","-85","-85","-86","-85","-86","-84","-86","-85","-86","-85","-85","-84"
"-84","-84","-85","-84","-85","-84","-85","-87","-86","-87","-86","-88","-86","-88","-86","-88","-83","-85","-85","-85","-85","-85","-85","-84","-85","-84","-85","-89","-92","-93","-87","-91","-86","-80","-90","-85","-84","-90","-83","-84"
"-91","-93","-93","-90","-88","-89","-87","-87","-85","-87","-85","-87","-85","-85","-87","-84","-86","-84","-86","-85","-86","-86","-85","-86","-85","-86","-87","-84","-86","-84","-86","-84","-86","-84","-85","-84","-86","-84","-86","-84"
"-86","-84","-86","-84","-86","-84","-85","-84","-85","-84","-85","-83","-86","-84","-85","-83","-85","-84","-86","-84","-86","-84","-85","-84","-86","-84","-86","-85","-85","-84","-86","-85","-85","-84","-85","-84","-84","-84","-84","-84"
"-83","-84","-84","-84","-83","-85","-83","-85","-84","-86","-84","-86","-84","-86","-84","-86","-85","-86","-85","-86","-85","-86","-86","-85","-85","-84","-85","-84","-85","-83","-85","-83","-85","-83","-84","-82","-84","-82","-84","-82"
"-84","-82","-84","-83","-85","-83","-84","-83","-83","-83","-84","-84","-84","-84","-84","-84","-84","-84","-84","-84","-84","-85","-84","-85","-84","-85","-84","-85","-83","-84","-83","-84","-83","-85","-83","-85","-83","-84","-83","-84"
"-84","-85","-83","-85","-83","-84","-83","-81","-78","-79","-74","-73","-67","-66","-62","-63","-93","-58","-63","-65","-69","-77","-87","-85","-88","-86","-86","-85","-85","-84","-85","-84","-85","-85","-85","-86","-86","-86","-85","-87"
"-85","-86","-85","-86","-85","-86","-84","-86","-84","-85","-84","-85","-84","-85","-84","-85","-84","-85","-83","-85","-84","-86","-85","-86","-85","-86","-84","-86","-86","-86","-86","-86","-87","-86","-87","-84","-85","-83","-84","-81"
"-84","-81","-83","-82","-83","-82","-83","-82","-83","-81","-82","-82","-83","-82","-83","-82","-83","-83","-83","-83","-84","-84","-84","-84","-83","-85","-83","-85","-83","-85","-82","-85","-83","-84","-83","-84","-82","-84","-83","-83"
"-82","-84","-84","-84","-83","-84","-83","-83","-83","-83","-84","-84","-84","-84","-84","-83","-84","-83","-84","-83","-85","-82","-85","-83","-85","-83","-84","-83","-84","-82","-83","-82","-83","-82","-83","-82","-83","-83","-83","-84"
"-83","-84","-84","-84","-83","-85","-83","-84","-83","-84","-83","-84","-83","-85","-83","-85","-83","-85","-84","-85","-85","-86","-85","-86","-85","-86","-85","-86","-85","-85","-86","-85","-85","-85","-86","-84","-86","-84","-86","-84"
"-86","-84","-86","-84","-85","-84","-86","-84","-85","-84","-85","-84","-86","-85","-85","-83","-83","-83","-83","-84","-83","-84","-83","-85","-83","-85","-84","-85","-83","-85","-83","-86","-83","-84","-84","-84","-84","-83","-84","-84"
"-84","-83","-84","-82","-84","-82","-84","-82","-84","-83","-85","-83","-85","-83","-85","-83","-84","-83","-84","-83","-84","-84","-84","-85","-84","-85","-84","-84","-84","-85","-83","-84","-83","-83","-80","-77","-69","-70","-67","-69"
"-66","-66","-64","-66","-64","-65","-64","-67","-65","-68","-66","-68","-65","-66","-63","-65","-62","-66","-63","-65","-63","-65","-63","-66","-64","-66","-63","-66","-64","-65","-64","-66","-64","-66","-64","-66","-64","-66","-64","-67"
"-65","-68","-66","-68","-68","-71","-74","-80","-82","-85","-84","-86","-84","-85","-85","-84","-85","-85","-85","-84","-86","-84","-86","-84","-86","-84","-86","-84","-86","-85","-86","-85","-85","-84","-86","-84","-85","-84","-84","-85"
"-84","-86","-85","-86","-85","-85","-85","-86","-85","-86","-84","-86","-85","-85","-84","-86","-84","-85","-84","-86","-84","-85","-84","-85","-84","-84","-84","-84","-84","-84","-85","-84","-85","-84","-85","-83","-84","-83","-85","-84"
"-85","-83","-85","-83","-85","-83","-85","-83","-85","-84","-84","-84","-84","-84","-84","-85","-85","-85","-84","-85","-83","-85","-84","-86","-84","-86","-85","-86","-84","-86","-84","-86","-85","-86","-85","-86","-86","-85","-86","-84"
"-85","-83","-85","-83","-85","-84","-85","-84","-86","-85","-86","-85","-86","-86","-85","-86","-85","-86","-84","-85","-83","-84","-83","-85","-84","-86","-84","-86","-84","-85","-85","-86","-86","-85","-87","-85","-86","-84","-85","-84"
"-85","-84","-85","-84","-85","-85","-84","-85","-84","-85","-84","-85","-84","-85","-84","-86","-84","-85","-85","-85","-85","-85","-85","-85","-86","-84","-85","-84","-86","-84","-86","-84","-85","-84","-85","-85","-85","-86","-85","-85"
"-84","-85","-83","-85","-83","-85","-83","-85","-84","-85","-85","-85","-85","-85","-85","-85","-86","-84","-86","-84","-86","-84","-85","-84","-84","-84","-85","-86","-85","-86","-84","-86","-84","-86","-84","-86","-84","-85","-84","-85"
"-84","-85","-84","-85","-85","-84","-86","-84","-86","-85","-86","-86","-86","-85","-86","-85","-86","-85","-85","-85","-84","-85","-83","-84","-82","-85","-84","-85","-83","-85","-83","-85","-84","-85","-86","-85","-86","-84","-86","-84"
"-84","-81","-82","-78","-80","-77","-78","-74","-75","-73","-73","-72","-70","-65","-64","-61","-62","-61","-62","-61","-61","-61","-61","-62","-63","-63","-63","-66","-65","-67","-66","-67","-65","-66","-65","-66","-65","-66","-65","-66"
"-66","-65","-66","-64","-66","-64","-66","-64","-65","-64","-66","-65","-66","-65","-65","-66","-65","-66","-65","-65","-63","-65","-64","-65","-63","-66","-63","-64","-63","-63","-64","-63","-64","-56","-62","-62","-61","-57","-58","-57"
"-54","-55","-57","-56","-53","-55","-56","-59","-56","-58","-58","-44","-64","-69","-77","-81","-81","-82","-81","-83","-81","-83","-82","-84","-83","-86","-84","-87","-85","-86","-84","-85","-83","-84","-84","-85","-84","-84","-84","-84"
"-85","-84","-86","-84","-86","-83","-85","-84","-85","-84","-85","-85","-85","-85","-85","-85","-84","-85","-83","-85","-83","-85","-83","-85","-83","-85","-83","-85","-84","-84","-84","-83","-83","-82","-83","-82","-84","-82","-84","-82"
"-85","-83","-84","-83","-84","-84","-85","-83","-84","-84","-83","-83","-83","-84","-83","-85","-83","-85","-83","-85","-83","-85","-83","-85","-83","-84","-82","-82","-81","-82","-83","-84","-85","-84","-85","-83","-86","-84","-86","-84"
"-85","-84","-85","-84","-85","-84","-85","-85","-84","-85","-84","-85","-84","-85","-84","-85","-84","-84","-82","-84","-82","-83","-81","-82","-80","-82","-80","-82","-80","-82","-81","-84","-81","-83","-84","-83","-85","-83","-84","-82"
"-84","-81","-83","-83","-85","-83","-84","-84","-84","-85","-85","-85","-84","-85","-83","-85","-82","-84","-83","-84","-83","-84","-84","-84","-85","-84","-85","-84","-86","-83","-87","-85","-87","-85","-87","-89","-91","-90","-92","-91"
"-92","-93","-91","-92","-91","-92","-90","-90","-88","-88","-87","-90","-84","-82","-80","-71","-69","-65","-68","-74","-83","-79","-81","-87","-85","-90","-87","-86","-87","-83","-83","-83","-86","-84","-88","-85","-88","-88","-88","-88"
"-87","-88","-85","-86","-83","-84","-84","-84","-85","-84","-87","-84","-87","-85","-87","-86","-88","-87","-87","-88","-86","-88","-85","-87","-84","-87","-85","-86","-88","-87","-88","-86","-88","-86","-88","-87","-88","-88","-88","-89"
"-87","-88","-86","-87","-85","-87","-85","-86","-86","-86","-88","-86","-87","-84","-86","-83","-85","-84","-85","-84","-86","-86","-85","-86","-84","-86","-84","-86","-85","-87","-86","-87","-88","-87","-88","-88","-88","-87","-88","-87"
"-88","-87","-88","-86","-87","-87","-87","-87","-87","-88","-87","-87","-86","-86","-85","-86","-84","-86","-85","-86","-87","-87","-88","-87","-88","-86","-87","-85","-87","-86","-87","-86","-87","-87","-87","-88","-87","-87","-86","-87"
"-85","-87","-86","-88","-87","-87","-88","-87","-88","-87","-89","-87","-89","-87","-89","-87","-88","-88","-87","-90","-88","-89","-87","-89","-86","-89","-85","-82","-83","-78","-73","-68","-69","-69","-68","-70","-68","-68","-68","-75"
"-68","-74","-71","-70","-71","-68","-55","-83","-68","-65","-67","-68","-66","-68","-66","-69","-66","-69","-67","-69","-69","-68","-70","-67","-69","-67","-69","-67","-69","-67","-68","-68","-67","-69","-68","-69","-68","-70","-68","-70"
"-69","-71","-70","-70","-70","-69","-69","-67","-68","-65","-68","-66","-67","-65","-66","-65","-67","-65","-65","-73","-66","-69","-71","-77","-83","-82","-85","-83","-85","-84","-86","-83","-86","-85","-87","-86","-87","-86","-86","-85"
"-81","-79","-74","-73","-70","-63","-65","-61","-63","-72","-61","-64","-67","-71","-75","-83","-86","-86","-86","-84","-86","-89","-88","-86","-88","-87","-87","-85","-86","-85","-87","-85","-87","-87","-87","-87","-87","-88","-86","-86"
"-84","-85","-84","-84","-83","-84","-84","-84","-85","-84","-85","-84","-86","-83","-86","-84","-86","-85","-87","-87","-86","-87","-87","-87","-86","-87","-85","-87","-85","-87","-85","-87","-86","-86","-87","-86","-87","-86","-87","-86"
"-87","-86","-87","-86","-87","-87","-86","-86","-85","-86","-84","-87","-84","-86","-85","-86","-86","-85","-86","-86","-87","-85","-87","-85","-87","-86","-86","-86","-86","-86","-86","-87","-84","-87","-84","-87","-85","-87","-86","-87"
"-86","-86","-87","-85","-87","-86","-87","-85","-86","-85","-86","-86","-86","-86","-86","-87","-86","-87","-85","-87","-87","-86","-87","-86","-87","-84","-86","-84","-86","-85","-87","-87","-87","-88","-88","-89","-87","-89","-86","-87"
"-86","-87","-86","-87","-86","-86","-87","-85","-86","-85","-87","-86","-87","-87","-87","-87","-86","-87","-85","-87","-85","-87","-85","-87","-87","-87","-87","-87","-88","-86","-88","-85","-87","-86","-87","-86","-87","-87","-86","-87"
"-85","-87","-84","-86","-84","-85","-84","-86","-86","-86","-87","-86","-87","-85","-87","-86","-87","-85","-86","-85","-84","-84","-83","-84","-81","-83","-79","-81","-77","-81","-76","-80","-76","-80","-77","-82","-80","-83","-81","-83"
"-82","-83","-82","-84","-83","-84","-83","-85","-84","-85","-85","-84","-85","-83","-85","-84","-86","-84","-85","-85","-85","-85","-85","-85","-85","-86","-84","-86","-85","-87","-86","-87","-87","-88","-87","-88","-88","-87","-88","-86"
"-88","-85","-87","-85","-87","-86","-85","-86","-85","-86","-85","-86","-84","-86","-84","-85","-85","-85","-86","-85","-86","-85","-86","-86","-87","-87","-87","-87","-86","-87","-86","-87","-85","-85","-85","-86","-85","-86","-86","-85"
"-86","-85","-87","-85","-86","-86","-87","-86","-87","-87","-86","-87","-86","-87","-85","-86","-86","-86","-86","-86","-87","-86","-87","-84","-87","-85","-87","-86","-87","-87","-87","-88","-87","-87","-86","-88","-86","-88","-87","-86"
"-87","-86","-87","-85","-86","-85","-87","-85","-87","-85","-86","-87","-87","-88","-87","-89","-87","-88","-85","-86","-85","-86","-85","-85","-85","-85","-86","-85","-86","-86","-87","-86","-88","-86","-87","-86","-87","-87","-88","-87"
"-84","-78","-74","-74","-69","-68","-65","-66","-65","-68","-66","-67","-67","-65","-67","-67","-70","-73","-78","-81","-82","-85","-86","-87","-85","-86","-84","-85","-84","-85","-84","-86","-84","-87","-85","-87","-86","-87","-87","-88"
"-88","-88","-89","-88","-89","-88","-90","-87","-89","-87","-89","-87","-88","-87","-88","-88","-88","-88","-87","-89","-89","-90","-89","-91","-89","-89","-88","-89","-88","-89","-89","-88","-89","-87","-88","-86","-88","-87","-89","-89"
"-90","-90","-90","-91","-90","-91","-90","-91","-89","-91","-90","-91","-90","-90","-90","-89","-89","-88","-89","-87","-89","-88","-89","-88","-88","-89","-88","-89","-87","-89","-87","-89","-88","-88","-88","-88","-88","-87","-88","-87"
"-89","-87","-89","-88","-89","-88","-89","-89","-88","-89","-88","-90","-88","-89","-87","-89","-88","-89","-89","-90","-90","-89","-90","-89","-91","-92","-95","-92","-91","-92","-91","-91","-91","-90","-89","-89","-88","-89","-87","-89"
"-89","-90","-89","-91","-90","-91","-90","-90","-89","-89","-90","-89","-90","-89","-90","-88","-90","-89","-90","-90","-89","-91","-89","-91","-88","-90","-88","-89","-88","-89","-90","-89","-89","-89","-90","-88","-90","-88","-90","-88"
"-89","-89","-89","-90","-88","-90","-88","-89","-88","-90","-89","-89","-89","-90","-90","-89","-90","-89","-90","-88","-89","-88","-89","-89","-89","-89","-88","-90","-87","-90","-88","-89","-89","-89","-89","-89","-89","-88","-89","-87"
"-89","-88","-89","-88","-88","-89","-89","-90","-89","-90","-89","-90","-89","-91","-91","-91","-91","-90","-90","-88","-86","-82","-76","-73","-70","-70","-67","-69","-69","-67","-68","-67","-70","-68","-69","-68","-70","-68","-70","-69"
"-69","-70","-68","-69","-68","-69","-67","-68","-67","-68","-67","-69","-69","-69","-70","-68","-70","-69","-70","-69","-69","-69","-69","-69","-70","-70","-69","-70","-68","-70","-67","-69","-68","-69","-68","-69","-68","-68","-68","-68"
"-68","-68","-68","-67","-68","-62","-69","-70","-69","-73","-75","-80","-82","-85","-88","-90","-90","-88","-86","-73","-78","-71","-70","-71","-72","-80","-80","-90","-88","-90","-90","-89","-91","-89","-90","-88","-89","-88","-89","-88"
"-88","-89","-87","-88","-85","-88","-87","-88","-88","-89","-90","-89","-90","-88","-90","-88","-89","-88","-88","-88","-88","-89","-87","-89","-88","-90","-88","-89","-89","-90","-89","-88","-89","-87","-89","-87","-89","-88","-88","-88"
"-88","-88","-87","-88","-86","-88","-87","-89","-88","-89","-90","-89","-90","-88","-89","-88","-90","-88","-89","-89","-89","-90","-88","-89","-87","-88","-87","-88","-88","-88","-89","-88","-88","-87","-88","-87","-89","-87","-89","-88"
"-89","-90","-88","-90","-88","-90","-88","-89","-89","-89","-90","-89","-90","-88","-89","-87","-89","-88","-89","-88","-88","-89","-88","-89","-87","-89","-88","-89","-88","-89","-89","-89","-89","-88","-90","-87","-89","-88","-89","-88"
"-88","-89","-89","-89","-88","-90","-87","-89","-88","-89","-88","-88","-88","-87","-89","-87","-89","-87","-88","-87","-89","-89","-89","-89","-88","-89","-88","-90","-88","-89","-87","-88","-89","-89","-89","-90","-92","-90","-92","-90"
"-92","-91","-91","-91","-90","-90","-89","-89","-87","-87","-85","-86","-85","-86","-85","-86","-86","-85","-84","-78","-75","-72","-74","-72","-71","-71","-71","-68","-70","-75","-82","-84","-82","-85","-85","-85","-85","-86","-87","-87"
"-88","-86","-89","-88","-89","-88","-88","-88","-88","-88","-87","-89","-87","-88","-86","-88","-86","-87","-87","-87","-88","-87","-88","-87","-88","-86","-88","-87","-88","-88","-88","-88","-89","-89","-88","-89","-87","-89","-88","-89"
"-89","-89","-90","-90","-91","-89","-91","-89","-90","-89","-90","-88","-89","-89","-88","-89","-88","-89","-87","-89","-87","-88","-87","-88","-88","-87","-88","-87","-88","-87","-88","-87","-89","-88","-89","-89","-89","-90","-88","-89"
"-88","-89","-87","-88","-88","-89","-89","-88","-89","-87","-90","-88","-89","-88","-89","-88","-89","-89","-89","-90","-88","-90","-89","-91","-89","-90","-89","-90","-90","-89","-90","-87","-88","-84","-83","-77","-76","-73","-71","-71"
"-70","-69","-70","-67","-69","-67","-69","-67","-69","-68","-68","-70","-68","-68","-68","-68","-69","-69","-68","-69","-69","-69","-69","-70","-69","-69","-67","-69","-68","-69","-69","-70","-70","-69","-70","-69","-70","-70","-70","-70"
"-70","-71","-70","-71","-69","-71","-69","-69","-69","-70","-68","-69","-68","-66","-66","-68","-67","-67","-66","-66","-67","-66","-68","-66","-67","-68","-67","-68","-67","-67","-67","-66","-68","-68","-68","-67","-68","-67","-67","-67"
"-68","-67","-68","-67","-69","-67","-68","-66","-67","-67","-66","-65","-65","-65","-63","-64","-67","-71","-69","-67","-71","-71","-76","-78","-82","-84","-86","-88","-86","-88","-85","-87","-84","-87","-84","-87","-85","-87","-87","-87"
"-87","-88","-89","-87","-90","-87","-89","-86","-88","-86","-89","-87","-89","-87","-89","-88","-89","-90","-88","-89","-87","-89","-86","-88","-86","-87","-87","-87","-89","-86","-88","-86","-90","-87","-89","-87","-88","-87","-87","-89"
"-87","-89","-86","-89","-86","-89","-87","-87","-88","-88","-89","-87","-88","-86","-88","-87","-89","-87","-89","-88","-88","-91","-90","-91","-89","-91","-88","-90","-89","-90","-89","-90","-90","-87","-87","-83","-81","-76","-75","-73"
"-76","-75","-77","-78","-82","-79","-83","-82","-86","-85","-87","-85","-86","-85","-86","-87","-89","-91","-87","-89","-87","-88","-88","-90","-88","-97","-90","-90","-91","-91","-93","-92","-92","-90","-91","-89","-90","-90","-90","-92"
"-91","-92","-91","-91","-90","-91","-89","-91","-89","-89","-88","-88","-89","-88","-89","-89","-90","-88","-90","-88","-89","-87","-90","-90","-90","-91","-89","-91","-89","-91","-89","-91","-89","-90","-89","-89","-89","-90","-89","-88"
"-89","-88","-89","-88","-90","-89","-90","-90","-90","-90","-89","-90","-89","-90","-88","-90","-89","-90","-90","-90","-92","-89","-91","-90","-91","-89","-92","-91","-91","-91","-91","-89","-89","-90","-89","-90","-88","-89","-88","-90"
"-88","-90","-89","-89","-90","-89","-90","-88","-90","-88","-90","-88","-90","-89","-89","-89","-87","-89","-86","-89","-87","-89","-87","-89","-88","-88","-89","-87","-89","-86","-89","-86","-89","-87","-88","-89","-89","-90","-88","-90"
"-89","-90","-89","-90","-90","-90","-91","-90","-90","-87","-89","-86","-88","-86","-88","-88","-88","-89","-88","-89","-88","-89","-88","-90","-89","-89","-89","-89","-89","-88","-89","-87","-89","-87","-89","-88","-89","-89","-88","-89"
"-88","-89","-88","-89","-88","-89","-89","-89","-90","-88","-90","-87","-89","-88","-89","-89","-89","-90","-88","-89","-88","-90","-88","-89","-89","-89","-89","-89","-90","-89","-90","-88","-89","-89","-89","-89","-89","-90","-88","-90"
"-88","-90","-88","-89","-88","-89","-89","-88","-89","-88","-89","-88","-89","-88","-89","-89","-89","-90","-88","-90","-88","-90","-89","-90","-89","-90","-90","-90","-91","-89","-90","-87","-88","-88","-90","-88","-90","-90","-90","-90"
"-89","-91","-89","-91","-89","-84","-88","-89","-88","-87","-87","-84","-84","-78","-76","-72","-69","-69","-69","-67","-68","-68","-68","-69","-68","-68","-69","-70","-68","-69","-68","-66","-69","-67","-69","-67","-69","-66","-68","-66"
"-67","-69","-67","-69","-67","-70","-68","-70","-69","-69","-68","-70","-68","-70","-68","-70","-68","-69","-69","-69","-68","-69","-68","-68","-67","-68","-68","-68","-68","-70","-67","-69","-67","-69","-67","-68","-67","-69","-67","-69"
"-66","-69","-67","-68","-66","-67","-68","-66","-67","-65","-67","-65","-67","-66","-67","-66","-67","-66","-67","-67","-67","-69","-69","-68","-69","-69","-68","-67","-66","-68","-65","-67","-64","-67","-64","-66","-65","-66","-64","-66"
"-65","-66","-66","-65","-67","-65","-67","-65","-63","-64","-64","-66","-64","-63","-64","-64","-65","-64","-65","-66","-66","-66","-68","-67","-67","-67","-68","-67","-68","-67","-68","-66","-67","-66","-67","-66","-67","-65","-67","-65"
"-67","-66","-67","-67","-66","-68","-66","-67","-69","-68","-68","-68","-66","-66","-67","-67","-67","-66","-67","-65","-67","-65","-67","-67","-68","-68","-70","-70","-69","-70","-69","-71","-69","-69","-66","-68","-65","-66","-66","-66"
"-67","-66","-67","-65","-67","-65","-67","-65","-66","-65","-66","-66","-66","-67","-66","-67","-66","-67","-65","-67","-65","-66","-64","-66","-64","-66","-64","-64","-64","-65","-64","-65","-66","-66","-66","-66","-66","-65","-67","-65"
"-67","-67","-66","-67","-66","-66","-66","-66","-67","-66","-67","-65","-67","-64","-66","-64","-65","-63","-67","-67","-72","-72","-77","-82","-88","-86","-88","-86","-87","-85","-86","-85","-86","-87","-86","-87","-86","-88","-87","-89"
"-88","-89","-88","-88","-89","-86","-87","-85","-86","-84","-86","-85","-86","-86","-86","-87","-86","-88","-86","-88","-87","-87","-87","-88","-88","-87","-88","-86","-87","-85","-87","-85","-86","-86","-86","-87","-87","-87","-86","-89"
"-87","-88","-87","-88","-87","-88","-89","-89","-90","-91","-94","-93","-95","-93","-94","-94","-94","-93","-94","-93","-94","-92","-94","-92","-94","-93","-94","-94","-93","-92","-90","-90","-89","-90","-89","-90","-89","-90","-90","-90"
"-91","-90","-91","-90","-91","-90","-91","-89","-91","-89","-90","-90","-89","-90","-89","-90","-88","-90","-88","-90","-88","-89","-89","-90","-89","-89","-90","-89","-90","-88","-90","-88","-89","-88","-89","-89","-89","-90","-89","-90"
"-88","-89","-88","-89","-87","-89","-89","-89","-90","-90","-90","-89","-89","-87","-88","-87","-88","-87","-89","-88","-90","-89","-89","-90","-89","-90","-90","-89","-87","-88","-87","-88","-87","-88","-86","-88","-86","-88","-86","-88"
"-87","-88","-88","-87","-88","-86","-88","-86","-88","-86","-87","-86","-87","-88","-87","-89","-87","-89","-88","-89","-87","-89","-88","-88","-88","-87","-88","-86","-88","-85","-87","-86","-88","-87","-88","-88","-88","-89","-88","-89"
"-87","-89","-88","-89","-88","-89","-88","-88","-89","-88","-89","-87","-89","-87","-89","-87","-88","-88","-88","-89","-88","-89","-88","-89","-87","-89","-87","-89","-87","-88","-88","-88","-88","-87","-88","-87","-89","-87","-89","-88"
"-89","-89","-89","-89","-89","-90","-88","-89","-87","-89","-88","-89","-89","-90","-91","-90","-91","-89","-90","-89","-90","-88","-90","-89","-89","-89","-90","-90","-89","-89","-88","-89","-87","-89","-87","-89","-87","-89","-88","-90"
"-89","-91","-90","-90","-91","-90","-91","-88","-91","-88","-90","-87","-89","-88","-88","-87","-87","-87","-88","-87","-88","-88","-88","-89","-88","-89","-88","-89","-87","-89","-86","-88","-86","-88","-87","-88","-88","-88","-88","-88"
"-89","-88","-90","-88","-89","-88","-90","-88","-89","-88","-89","-89","-89","-87","-89","-87","-89","-87","-89","-88","-89","-88","-89","-89","-89","-90","-89","-90","-88","-90","-87","-90","-88","-89","-88","-88","-89","-89","-88","-89"
"-87","-89","-87","-90","-88","-89","-89","-90","-89","-88","-88","-87","-89","-86","-88","-86","-88","-86","-88","-86","-87","-86","-88","-88","-89","-89","-89","-90","-89","-89","-88","-89","-86","-88","-87","-88","-87","-88","-88","-89"
"-88","-89","-89","-89","-90","-87","-89","-87","-88","-86","-88","-86","-88","-87","-88","-89","-89","-87","-89","-87","-88","-88","-89","-88","-89","-88","-88","-88","-88","-88","-87","-88","-86","-88","-86","-89","-86","-88","-88","-89"
"-88","-89","-90","-90","-90","-88","-89","-87","-89","-87","-88","-87","-89","-87","-89","-88","-88","-88","-88","-89","-89","-90","-89","-89","-86","-88","-85","-87","-86","-87","-88","-88","-89","-87","-89","-88","-90","-87","-87","-86"
"-87","-87","-86","-88","-86","-88","-86","-88","-86","-88","-87","-88","-88","-87","-87","-86","-88","-85","-87","-85","-86","-86","-86","-88","-86","-87","-86","-88","-86","-88","-87","-87","-87","-87","-88","-86","-87","-85","-87","-86"
"-87","-87","-86","-87","-87","-88","-86","-88","-87","-88","-87","-88","-89","-88","-89","-88","-89","-86","-89","-87","-89","-87","-89","-89","-89","-90","-89","-90","-88","-90","-89","-93","-91","-93","-92","-91","-91","-88","-89","-86"
"-88","-87","-89","-88","-90","-90","-90","-90","-91","-90","-89","-90","-88","-90","-88","-90","-89","-90","-89","-89","-90","-89","-90","-89","-90","-89","-90","-90","-89","-90","-89","-90","-88","-90","-88","-89","-89","-89","-89","-90"
"-89","-87","-88","-84","-81","-77","-73","-72","-57","-62","-61","-62","-60","-60","-56","-59","-54","-61","-49","-64","-63","-66","-82","-67","-57","-78","-80","-83","-85","-89","-92","-91","-91","-90","-90","-89","-91","-90","-91","-89"
"-91","-90","-90","-90","-89","-90","-89","-91","-90","-91","-90","-91","-91","-91","-91","-91","-92","-90","-91","-90","-92","-89","-91","-91","-90","-91","-89","-91","-89","-90","-89","-90","-89","-90","-90","-90","-91","-89","-90","-89"
"-91","-88","-90","-89","-89","-89","-89","-90","-89","-90","-89","-90","-89","-91","-89","-91","-91","-91","-92","-91","-92","-90","-91","-90","-91","-90","-90","-91","-91","-92","-90","-92","-90","-92","-90","-91","-91","-91","-91","-90"
"-91","-88","-90","-88","-89","-88","-89","-89","-88","-90","-88","-90","-88","-90","-88","-89","-88","-89","-89","-89","-90","-88","-90","-88","-90","-88","-90","-89","-89","-90","-88","-90","-88","-90","-88","-90","-89","-89","-89","-89"
"-90","-89","-90","-88","-90","-88","-90","-89","-89","-90","-89","-90","-88","-89","-88","-90","-88","-89","-89","-89","-90","-89","-90","-88","-89","-88","-90","-89","-90","-90","-90","-91","-90","-91","-89","-91","-89","-92","-90","-91"
"-90","-92","-91","-91","-91","-90","-91","-89","-90","-88","-90","-89","-91","-89","-91","-89","-91","-90","-90","-91","-90","-91","-89","-90","-89","-90","-89","-91","-90","-91","-89","-91","-91","-90","-92","-92","-92","-93","-92","-91"
"-92","-91","-92","-90","-91","-91","-91","-92","-91","-92","-90","-91","-90","-92","-91","-91","-91","-92","-91","-92","-90","-92","-90","-92","-90","-91","-90","-90","-91","-90","-89","-90","-89","-90","-89","-90","-90","-89","-91","-89"
"-91","-89","-90","-89","-90","-88","-89","-89","-89","-90","-88","-90","-88","-89","-89","-89","-89","-89","-90","-89","-91","-88","-88","-88","-89","-89","-90","-90","-89","-90","-89","-90","-89","-90","-88","-90","-89","-90","-89","-90"
"-90","-90","-90","-89","-90","-88","-90","-88","-90","-89","-90","-90","-89","-90","-89","-90","-88","-90","-88","-90","-88","-89","-89","-89","-90","-89","-89","-88","-90","-88","-90","-88","-89","-89","-89","-89","-89","-90","-89","-90"
"-88","-90","-89","-90","-89","-90","-90","-90","-90","-90","-91","-89","-91","-89","-91","-89","-90","-91","-90","-91","-90","-89","-91","-89","-91","-89","-90","-90","-89","-90","-89","-88","-90","-88","-90","-89","-89","-90","-89","-91"
"-89","-90","-88","-90","-88","-89","-88","-89","-89","-89","-89","-89","-90","-88","-90","-90","-91","-89","-91","-89","-91","-88","-90","-89","-90","-90","-90","-90","-90","-88","-90","-89","-90","-89","-90","-90","-90","-90","-89","-90"
"-90","-89","-91","-91","-95","-94","-95","-90","-93","-93","-89","-94","-91","-94","-94","-96","-95","-97","-96","-97","-97","-95","-95","-94","-93","-93","-93","-93","-92","-93","-92","-93","-93","-94","-94","-94","-94","-92","-94","-92"
"-94","-91","-92","-90","-90","-88","-86","-79","-74","-73","-70","-72","-69","-69","-68","-68","-68","-70","-68","-68","-69","-68","-68","-68","-68","-69","-69","-69","-70","-70","-70","-69","-70","-69","-70","-67","-70","-68","-70","-68"
"-69","-69","-70","-68","-69","-67","-69","-68","-68","-69","-68","-69","-68","-69","-68","-69","-68","-70","-68","-70","-68","-70","-69","-70","-68","-67","-69","-68","-69","-68","-69","-69","-67","-69","-67","-69","-68","-68","-68","-68"
"-69","-69","-67","-68","-68","-68","-67","-68","-68","-68","-68","-68","-67","-68","-67","-68","-68","-69","-68","-67","-68","-67","-69","-68","-67","-68","-68","-66","-68","-67","-66","-68","-66","-67","-68","-67","-68","-66","-68","-68"
"-67","-67","-69","-68","-68","-68","-67","-68","-68","-66","-68","-67","-66","-68","-67","-68","-68","-66","-67","-67","-67","-67","-67","-68","-67","-68","-67","-68","-68","-68","-66","-68","-67","-69","-68","-68","-69","-68","-67","-69"
"-68","-68","-68","-68","-68","-69","-68","-69","-69","-67","-68","-66","-69","-68","-68","-69","-68","-65","-67","-67","-68","-68","-67","-67","-68","-67","-67","-67","-67","-67","-68","-66","-68","-68","-67","-67","-68","-67","-68","-67"
"-68","-68","-66","-67","-68","-66","-67","-68","-66","-67","-68","-66","-67","-67","-66","-67","-68","-66","-67","-68","-66","-66","-68","-67","-66","-68","-67","-66","-68","-67","-66","-69","-67","-68","-68","-68","-68","-68","-68","-67"
"-68","-68","-67","-67","-68","-66","-67","-68","-65","-66","-68","-66","-66","-68","-66","-66","-68","-66","-66","-68","-66","-66","-68","-66","-66","-68","-67","-66","-67","-67","-66","-67","-67","-67","-68","-67","-66","-68","-67","-66"
"-68","-67","-66","-68","-68","-65","-68","-68","-66","-67","-67","-66","-67","-68","-66","-68","-67","-66","-67","-67","-67","-69","-67","-67","-67","-67","-68","-66","-68","-67","-66","-67","-67","-66","-67","-67","-65","-67","-65","-65"
"-67","-65","-65","-67","-65","-66","-68","-65","-66","-68","-65","-67","-67","-66","-68","-65","-63","-67","-64","-73","-73","-74","-81","-83","-86","-84","-86","-85","-87","-86","-86","-87","-86","-87","-86","-87","-86","-88","-86","-88"
"-87","-89","-88","-88","-88","-88","-89","-88","-88","-88","-89","-88","-89","-87","-90","-88","-90","-89","-90","-89","-90","-90","-89","-90","-88","-89","-87","-89","-87","-90","-87","-90","-88","-89","-91","-92","-93","-91","-91","-88"
"-90","-87","-89","-87","-89","-89","-90","-91","-90","-92","-90","-91","-89","-91","-89","-90","-89","-90","-89","-89","-90","-89","-91","-89","-91","-89","-91","-90","-91","-90","-91","-91","-90","-91","-90","-91","-89","-91","-89","-91"
"-89","-91","-90","-92","-91","-92","-92","-92","-92","-91","-92","-90","-91","-90","-91","-89","-91","-89","-91","-89","-91","-89","-90","-90","-90","-91","-90","-91","-91","-92","-90","-93","-93","-92","-92","-91","-91","-90","-91","-90"
"-92","-90","-91","-90","-91","-91","-90","-92","-90","-93","-91","-92","-91","-91","-90","-90","-94","-89","-92","-90","-91","-90","-90","-88","-89","-89","-88","-89","-87","-89","-87","-89","-88","-89","-89","-89","-90","-89","-90","-89"
"-90","-88","-90","-90","-89","-91","-90","-90","-87","-90","-87","-89","-87","-89","-89","-88","-89","-87","-89","-87","-89","-88","-89","-89","-89","-90","-89","-90","-89","-90","-88","-89","-89","-90","-90","-89","-91","-89","-90","-89"
"-90","-89","-90","-90","-88","-90","-87","-89","-88","-89","-88","-89","-89","-90","-90","-90","-90","-89","-91","-89","-90","-88","-90","-89","-89","-90","-89","-90","-89","-91","-88","-90","-89","-90","-89","-90","-89","-89","-90","-89"
"-90","-88","-89","-88","-90","-88","-90","-90","-90","-91","-90","-91","-90","-92","-90","-91","-89","-91","-90","-91","-90","-90","-91","-90","-91","-90","-91","-89","-90","-90","-91","-90","-90","-92","-92","-91","-92","-90","-91","-90"
"-92","-92","-92","-91","-91","-90","-91","-91","-90","-91","-90","-91","-91","-90","-91","-91","-90","-90","-89","-90","-88","-90","-90","-90","-90","-90","-88","-90","-88","-90","-90","-89","-90","-91","-90","-89","-91","-89","-90","-89"
"-90","-90","-90","-89","-91","-89","-90","-89","-91","-90","-90","-89","-91","-91","-91","-91","-91","-89","-91","-89","-90","-89","-90","-89","-90","-89","-90","-90","-90","-90","-92","-91","-92","-91","-90","-90","-88","-89","-87","-88"
"-83","-81","-76","-74","-73","-72","-71","-71","-74","-68","-69","-66","-68","-66","-68","-69","-68","-69","-69","-68","-70","-68","-69","-69","-69","-69","-70","-70","-70","-70","-69","-69","-69","-68","-70","-69","-68","-70","-69","-70"
"-69","-70","-69","-69","-68","-70","-68","-67","-71","-69","-66","-75","-64","-64","-63","-65","-70","-70","-71","-72","-77","-78","-88","-87","-90","-88","-89","-88","-89","-89","-89","-90","-88","-89","-87","-89","-86","-88","-86","-88"
"-87","-87","-88","-87","-89","-88","-89","-88","-89","-88","-89","-88","-89","-89","-89","-89","-88","-90","-88","-89","-86","-89","-87","-89","-89","-89","-88","-89","-88","-89","-86","-90","-88","-89","-88","-88","-88","-88","-89","-89"
"-90","-88","-90","-88","-90","-88","-90","-88","-89","-89","-89","-90","-89","-90","-88","-90","-88","-89","-88","-89","-88","-89","-90","-90","-89","-91","-88","-90","-88","-90","-88","-91","-91","-90","-89","-90","-89","-90","-88","-90"
"-88","-89","-88","-89","-89","-88","-90","-88","-90","-87","-89","-87","-88","-88","-89","-89","-89","-88","-89","-87","-89","-87","-89","-87","-88","-88","-88","-89","-88","-89","-87","-89","-87","-89","-87","-88","-89","-89","-88","-89"
"-87","-89","-87","-89","-87","-89","-88","-89","-89","-88","-89","-88","-89","-87","-89","-88","-89","-88","-89","-88","-89","-91","-88","-89","-87","-89","-88","-89","-88","-90","-88","-89","-90","-89","-90","-88","-90","-88","-90","-87"
"-89","-88","-89","-90","-88","-90","-87","-89","-87","-89","-88","-90","-89","-89","-90","-88","-89","-87","-89","-87","-88","-87","-88","-88","-88","-86","-88","-87","-89","-89","-89","-89","-90","-88","-90","-86","-89","-87","-89","-88"
"-88","-89","-87","-90","-89","-90","-89","-91","-90","-90","-90","-90","-90","-90","-89","-90","-89","-90","-90","-89","-91","-89","-91","-89","-91","-91","-91","-91","-91","-91","-90","-91","-89","-91","-89","-91","-89","-89","-87","-84"
"-80","-77","-71","-73","-70","-63","-61","-55","-78","-60","-61","-75","-73","-77","-78","-80","-83","-85","-85","-84","-80","-76","-75","-72","-73","-67","-85","-85","-84","-85","-87","-86","-91","-87","-89","-90","-92","-92","-93","-94"
"-93","-93","-93","-91","-92","-91","-92","-91","-91","-91","-91","-91","-89","-91","-89","-91","-89","-90","-89","-89","-90","-90","-91","-90","-90","-88","-90","-88","-90","-88","-90","-89","-89","-90","-90","-90","-90","-89","-91","-90"
"-91","-90","-91","-91","-91","-92","-90","-92","-90","-92","-90","-91","-90","-91","-90","-89","-89","-89","-89","-86","-88","-86","-88","-86","-88","-87","-89","-88","-89","-90","-89","-89","-87","-89","-87","-89","-87","-88","-88","-89"
"-89","-88","-90","-89","-91","-90","-92","-91","-92","-91","-91","-92","-91","-91","-90","-90","-90","-90","-90","-91","-90","-91","-91","-92","-90","-88","-89","-87","-89","-88","-88","-87","-89","-89","-88","-88","-88","-88","-87","-89"
"-87","-88","-88","-89","-89","-88","-89","-85","-83","-80","-79","-74","-73","-71","-68","-70","-70","-69","-69","-67","-68","-69","-66","-67","-66","-67","-66","-67","-66","-68","-66","-67","-67","-66","-67","-66","-67","-67","-66","-66"
"-67","-68","-66","-67","-66","-67","-66","-68","-65","-67","-64","-66","-64","-65","-65","-66","-67","-66","-67","-66","-68","-65","-67","-65","-68","-66","-67","-66","-67","-67","-67","-66","-66","-65","-67","-65","-67","-65","-67","-64"
"-67","-67","-65","-67","-65","-66","-66","-67","-66","-68","-68","-67","-67","-68","-64","-64","-62","-60","-60","-60","-60","-63","-62","-66","-66","-69","-63","-71","-72","-75","-79","-84","-87","-89","-87","-90","-89","-89","-90","-90"
"-91","-90","-91","-90","-92","-89","-91","-90","-91","-91","-91","-91","-90","-90","-88","-90","-88","-89","-89","-89","-91","-90","-90","-90","-91","-89","-90","-89","-91","-89","-90","-90","-90","-90","-89","-90","-89","-90","-90","-91"
"-89","-90","-89","-90","-91","-89","-90","-88","-90","-87","-89","-87","-89","-88","-88","-89","-88","-89","-88","-89","-86","-89","-87","-89","-89","-89","-89","-90","-90","-89","-90","-89","-90","-88","-90","-87","-89","-89","-90","-90"
"-90","-91","-90","-90","-89","-91","-89","-91","-92","-92","-91","-92","-90","-91","-88","-91","-90","-92","-90","-90","-91","-91","-92","-90","-92","-90","-92","-91","-92","-90","-92","-92","-93","-94","-93","-96","-95","-97","-95","-99"
"-99","-95","-97","-96","-97","-97","-96","-96","-95","-97","-96","-94","-96","-94","-93","-93","-92","-91","-92","-89","-92","-90","-92","-89","-91","-90","-91","-92","-91","-92","-90","-92","-90","-92","-91","-93","-92","-95","-97","-99"
"-97","-97","-98","-97","-98","-96","-98","-97","-97","-96","-98","-96","-98","-95","-97","-96","-97","-95","-97","-95","-96","-94","-94","-94","-94","-94","-92","-94","-92","-94","-92","-93","-92","-93","-93","-93","-93","-92","-93","-91"
"-93","-92","-91","-91","-91","-90","-92","-92","-90","-92","-91","-92","-92","-92","-93","-93","-94","-92","-93","-91","-92","-90","-92","-91","-91","-92","-92","-92","-92","-90","-92","-91","-91","-91","-92","-91","-90","-91","-90","-90"
"-88","-90","-88","-90","-89","-91","-91","-91","-89","-91","-89","-91","-90","-90","-90","-91","-89","-91","-90","-91","-92","-91","-89","-91","-90","-92","-91","-91","-92","-91","-90","-92","-90","-92","-90","-91","-92","-91","-89","-91"
"-90","-91","-90","-91","-90","-91","-90","-91","-91","-92","-90","-92","-90","-92","-90","-91","-90","-90","-91","-91","-90","-91","-89","-91","-89","-91","-90","-91","-90","-90","-91","-91","-90","-91","-89","-91","-90","-91","-91","-91"
"-92","-92","-90","-92","-90","-91","-92","-92","-92","-92","-91","-91","-89","-92","-90","-92","-90","-92","-90","-92","-92","-91","-92","-92","-91","-92","-90","-92","-91","-91","-92","-91","-91","-91","-92","-90","-92","-90","-92","-92"
"-93","-91","-93","-90","-92","-90","-92","-90","-92","-90","-92","-92","-92","-91","-92","-90","-92","-90","-92","-90","-92","-91","-91","-92","-91","-90","-92","-91","-92","-91","-92","-91","-92","-93","-92","-90","-92","-90","-92","-92"
"-92","-91","-92","-90","-92","-90","-92","-91","-92","-91","-92","-92","-92","-93","-92","-91","-92","-90","-92","-92","-92","-91","-92","-90","-91","-91","-90","-92","-91","-91","-92","-92","-92","-92","-91","-92","-91","-92","-92","-92"
"-93","-92","-91","-92","-91","-92","-91","-92","-91","-92","-92","-92","-92","-92","-91","-91","-92","-91","-91","-92","-91","-92","-91","-92","-91","-93","-92","-93","-92","-91","-92","-90","-92","-91","-91","-85","-81","-77","-73","-71"
"-74","-70","-70","-71","-69","-70","-69","-68","-69","-70","-69","-69","-68","-67","-70","-69","-70","-69","-73","-77","-77","-83","-85","-90","-89","-91","-94","-92","-89","-91","-91","-93","-92","-94","-91","-93","-91","-95","-93","-93"
"-92","-93","-93","-94","-93","-94","-93","-94","-93","-94","-93","-94","-92","-94","-92","-94","-92","-94","-93","-94","-94","-95","-93","-92","-92","-91","-92","-92","-93","-92","-93","-91","-93","-91","-93","-92","-94","-93","-94","-93"
"-95","-93","-95","-92","-94","-93","-95","-94","-95","-94","-94","-95","-95","-96","-95","-96","-94","-95","-93","-94","-92","-94","-92","-93","-93","-93","-94","-92","-94","-92","-94","-92","-94","-93","-94","-92","-93","-93","-94","-94"
"-94","-94","-94","-95","-94","-96","-93","-95","-93","-96","-94","-96","-94","-96","-96","-96","-95","-95","-96","-94","-95","-95","-96","-94","-96","-94","-96","-94","-96","-93","-95","-93","-96","-93","-91","-89","-90","-90","-86","-86"
"-82","-78","-78","-75","-75","-70","-71","-69","-68","-82","-73","-75","-73","-75","-74","-75","-72","-64","-65","-53","-72","-69","-72","-71","-75","-74","-74","-79","-82","-86","-89","-91","-89","-91","-89","-89","-88","-89","-87","-89"
"-88","-87","-88","-88","-89","-88","-89","-87","-89","-87","-89","-87","-89","-90","-90","-88","-90","-88","-90","-88","-89","-88","-89","-88","-88","-89","-88","-89","-87","-89","-87","-89","-87","-88","-88","-89","-89","-89","-90","-89"
"-90","-88","-90","-88","-90","-88","-89","-88","-89","-88","-89","-89","-88","-88","-87","-88","-87","-88","-86","-88","-86","-88","-86","-88","-87","-88","-87","-88","-88","-88","-89","-88","-87","-89","-86","-89","-87","-89","-90","-90"
"-88","-89","-87","-90","-88","-89","-87","-89","-89","-90","-90","-88","-88","-89","-89","-87","-89","-88","-88","-89","-89","-88","-89","-88","-89","-89","-88","-89","-90","-90","-88","-91","-89","-91","-90","-92","-90","-90","-90","-88"
"-88","-87","-86","-87","-87","-88","-87","-90","-88","-89","-89","-89","-89","-89","-87","-86","-89","-86","-88","-88","-89","-88","-89","-89","-90","-90","-88","-90","-88","-89","-87","-88","-87","-88","-89","-88","-88","-89","-89","-88"
"-89","-87","-89","-87","-89","-87","-90","-88","-89","-87","-89","-88","-90","-88","-89","-88","-89","-88","-89","-88","-90","-87","-90","-88","-90","-88","-90","-89","-90","-89","-90","-91","-89","-90","-89","-90","-87","-89","-87","-89"
"-87","-89","-87","-88","-89","-88","-89","-88","-89","-87","-89","-87","-88","-87","-88","-88","-88","-89","-87","-89","-87","-88","-87","-88","-87","-88","-88","-88","-89","-88","-89","-86","-89","-87","-88","-86","-88","-87","-88","-87"
"-87","-88","-88","-88","-87","-88","-87","-88","-87","-88","-87","-87","-87","-88","-88","-88","-88","-87","-88","-87","-88","-86","-89","-86","-88","-88","-88","-88","-87","-89","-87","-88","-86","-88","-87","-88","-87","-88","-87","-88"
"-87","-88","-87","-87","-86","-83","-84","-81","-84","-82","-83","-82","-83","-82","-84","-84","-85","-84","-85","-84","-85","-85","-86","-86","-86","-86","-85","-86","-85","-87","-86","-88","-86","-88","-86","-87","-87","-87","-87","-87"
"-88","-87","-88","-86","-89","-86","-87","-86","-88","-87","-88","-88","-88","-88","-87","-88","-86","-88","-86","-88","-86","-88","-86","-87","-86","-87","-87","-87","-88","-87","-88","-87","-88","-87","-88","-86","-88","-87","-88","-86"
"-88","-87","-88","-88","-88","-88","-88","-88","-87","-88","-86","-89","-86","-88","-87","-88","-86","-87","-86","-87","-87","-87","-87","-87","-88","-88","-89","-87","-89","-87","-89","-87","-88","-87","-89","-88","-89","-88","-89","-88"
"-89","-89","-88","-89","-88","-89","-87","-88","-86","-88","-87","-88","-87","-88","-86","-88","-88","-88","-88","-89","-90","-88","-89","-87","-89","-88","-90","-87","-90","-89","-90","-91","-91","-93","-91","-94","-90","-90","-89","-90"
"-89","-90","-88","-90","-88","-86","-86","-83","-81","-74","-74","-69","-62","-65","-59","-61","-59","-59","-56","-55","-59","-75","-41","-77","-77","-79","-84","-86","-88","-86","-88","-87","-88","-87","-88","-87","-87","-87","-88","-88"
"-88","-88","-88","-89","-87","-88","-87","-88","-86","-88","-87","-89","-88","-88","-87","-87","-88","-88","-88","-88","-89","-87","-89","-88","-90","-88","-90","-89","-90","-89","-90","-90","-90","-91","-89","-91","-90","-90","-90","-90"
"-89","-90","-89","-89","-89","-88","-89","-87","-88","-87","-89","-87","-88","-88","-88","-89","-88","-89","-87","-89","-88","-89","-87","-89","-87","-89","-88","-88","-88","-89","-89","-89","-90","-88","-89","-88","-90","-88","-89","-88"
"-90","-89","-89","-90","-89","-90","-88","-90","-87","-89","-88","-90","-88","-90","-88","-90","-89","-89","-90","-90","-90","-89","-90","-87","-89","-87","-89","-87","-89","-87","-89","-88","-89","-89","-89","-89","-89","-89","-88","-89"
"-88","-89","-88","-91","-89","-90","-89","-90","-90","-90","-90","-90","-91","-89","-90","-88","-90","-88","-89","-89","-90","-89","-88","-88","-89","-88","-89","-89","-88","-88","-88","-89","-88","-89","-88","-89","-88","-89","-88","-89"
"-87","-89","-88","-89","-89","-88","-89","-88","-89","-88","-89","-89","-89","-89","-89","-90","-89","-90","-88","-90","-88","-90","-88","-90","-88","-89","-89","-89","-89","-89","-90","-87","-89","-87","-88","-87","-88","-87","-89","-88"
"-88","-88","-88","-89","-87","-89","-87","-89","-87","-89","-88","-89","-88","-89","-89","-90","-90","-88","-90","-87","-89","-88","-89","-87","-88","-87","-88","-88","-88","-89","-87","-88","-86","-88","-86","-88","-87","-89","-88","-89"
"-90","-89","-89","-88","-89","-88","-89","-88","-89","-89","-88","-88","-87","-87","-85","-87","-86","-88","-87","-86","-87","-87","-88","-86","-88","-87","-87","-87","-88","-87","-88","-89","-88","-89","-87","-89","-87","-89","-87","-89"
"-88","-88","-88","-88","-88","-87","-89","-86","-88","-86","-88","-87","-87","-88","-87","-88","-86","-89","-87","-89","-88","-88","-86","-84","-81","-76","-74","-70","-70","-69","-67","-65","-59","-61","-60","-62","-64","-64","-70","-72"
"-79","-83","-84","-81","-86","-87","-89","-89","-90","-89","-90","-89","-89","-89","-89","-90","-89","-90","-88","-90","-88","-90","-89","-90","-89","-90","-90","-90","-91","-89","-90","-89","-90","-88","-90","-89","-91","-89","-90","-90"
"-90","-91","-90","-91","-90","-92","-90","-92","-91","-91","-91","-91","-91","-90","-91","-88","-89","-88","-89","-87","-89","-87","-89","-87","-89","-88","-89","-90","-90","-90","-89","-91","-89","-90","-88","-90","-89","-90","-89","-91"
"-90","-90","-90","-89","-91","-89","-91","-89","-90","-89","-90","-89","-90","-91","-92","-93","-93","-93","-92","-93","-90","-93","-92","-93","-91","-91","-89","-87","-81","-77","-78","-82","-81","-86","-86","-90","-90","-91","-90","-90"
